index,name,fix,log,estimated_values,estimated_real,standard_error,relative_error,condition_number,shrinkage,penalty_score_condition_number,penalty_score_estimated_values,penalty_score_relative_error,penalty_score_shrinkage
THETA1,CL,False,True,3.17509,23.928973379069813,0.083051,0.08319441641871828,72652.7,,633792.2699999999,,0.0,
THETA2,V2,False,True,6.31068,550.4191065764535,0.0856117,0.08576880960638902,,,,,0.0,
THETA3,cov_CL,False,False,-0.57973,-0.57973,0.106138,0.18308177944905388,,,,,8.308177944905388,
THETA4,cov_V2,False,False,-0.388204,-0.388204,0.109994,0.28334071776694725,,,,,18.334071776694728,
THETA5,cov_KA,False,False,-0.214816,-0.214816,0.150064,0.6985699389244749,,,,,90.85687803101777,
THETA6,KA,False,True,1.75752,5.798040409304925,0.116923,0.11732375371527769,,,,,1.7323753715277683,
THETA7,add_error,False,False,1.50138,1.50138,0.000101597,6.76690777817741e-05,,,,,0.0,
THETA8,prop_error,True,False,0.0,0.0,0.0,,,,,,,
THETA9,ALAG1,False,True,-1.75904,0.17221010619596905,0.00421838,0.004218398766292334,,,,,0.0,
"OMEGA(1,1)",CL,False,True,0.379263,67.91224357419625,0.0447687,0.05902065321426029,,1e-10,,0.0,0.0,
"OMEGA(2,2)",V2,False,True,0.409106,71.09650427307037,0.0545552,0.06667611816986306,,1e-10,,0.0,0.0,
"OMEGA(3,3)",KA,False,True,0.755492,106.23834363242415,0.0811721,0.05372134979589459,,1e-10,,0.0,0.0,0.0
"OMEGA(4,4)",ALAG1,True,True,0.01,10.025052161544073,0.0,0.0,,1e-10,,,0.0,
