<?xml version="1.0" encoding="ASCII"?>
<!DOCTYPE nm:output SYSTEM "output.dtd">
<nm:output
xmlns:xsi="http://www.w3.org/2001/XMLSchema-instance"
xsi:schemaLocation="http://namespaces.oreilly.com/xmlnut/address output.xsd"
xmlns:nm="http://namespaces.oreilly.com/xmlnut/address"
>
<nm:start_datetime>2024-01-23T22:13:02.645</nm:start_datetime>
<nm:control_stream><![CDATA[
$PROBLEM PK MODEL ORAL ADMINISTRATION

  ; NUMBER OF COMPARTMENTS        : 1 OR 2 OR 3
  ;
  ; ABSORPTION                    : FIRST-ORDER (option of LAG TIME), ZERO-ORDER OR ZERO-ORDER FOLLOWED BY FIRST-ORDER
  ;
  ; ELIMINATION                   : FIRST-ORDER
  ;
  ; INTERINDIVIDUAL VARIABILITY   : ESTIMATE in all parameters or fixed in some of them to 15% CV.
  ;
  ; RESIDUAL ERROR FOR PLASMA OBS : PROPORTIONAL, ADDITIVE OR COMBINED


$INPUT C ID TIME TAD AMT EVID DV II ADDL DOSE DOSEREF DAY SKIP

$DATA /projects/qcp/QCP_MODELING/OTHER/autoPK/automatization_popPK/DerivedData/toymodel_data_rate_dose.csv
  IGNORE=@

$SUBROUTINE ADVAN5

$MODEL
  NCOMP= 4
  COMP = (DEPOT, INITIALOFF)
  COMP = (CENTRAL )
  COMP = (TRANSIT1)
  COMP = (TRANSIT2)




$PK
  ; Parameter definition

  TVCL=EXP(THETA(1))    ; CL
  TVV2= EXP(THETA(2))   ; V2
  TVKA=EXP(THETA(5))    ; KA




  ; MU Referencing
  MU_1  = LOG(TVCL) + 0    ; CL
  MU_2  = LOG(TVV2) + LOG(DOSE/DOSEREF)*THETA(3)    ; V2
  MU_3  = LOG(TVKA) + LOG(DOSE/DOSEREF)*THETA(4)    ; KA



  ; Parameter transformations
  CL   = EXP(MU_1 + ETA(1))  ; CL
  V2    = EXP(MU_2 + ETA(2)) ; V2
  KA   = EXP(MU_3 + ETA(3))  ; KA






  ; Assigning expressions to match ADVAN5 parameterization
  k13 = KA
  k34 = KA
  k42 = KA
  k20 = CL/V2


  F1 = 1   ; INPUT1
  S2 = V2 ; CP

$ERROR
  CP = A(2)/S2
  IPRED = CP
  IRES = DV - IPRED
  W = SQRT(THETA(6)**2 + (THETA(7)*IPRED)**2)
  IWRES = IRES/W
  Y = IPRED + W*ERR(1)

$THETA
  ; Model parameters
  (2.5)       ; CL ; L/h ; LOG
  7         ; V2 ; L ; LOG

  0.1 	; cov_V2  ;

  0.1 	; cov_KA  ;

  -1.5 	; KA ; h-1 ; LOG

  ; Error model parameters
  1.5 	 ; add_error
  (0, 0.2) 	 ; prop_error

  ; Additional model parameters






$OMEGA ;; search band
  0.1  ;  CL ; LOG
  0.1  ;  V2 ; LOG
  0.1 	;  KA ; LOG






$SIGMA
  1 FIX


$ESTIMATION method = SAEM ISAMPLE = 2 NBURN = 1000 NITER = 500 RANMETHOD = 3S2P CTYPE = 3 CITER = 10 CALPHA = 0.05 CINTERVAL = 10 SEED = 234567 PRINT = 5 NOABORT INTERACTION
$ESTIMATION method = IMP ISAMPLE = 3000 EONLY = 1 NITER = 10 RANMETHOD = 3S2P NOABORT INTERACTION PRINT = 1 MAPITER = 0 SIGDIGITS = 3 NSIG = 3 SIGL = 9

$COVARIANCE UNCONDITIONAL MATRIX=R PRINT = E


;; Phenotype: ([('ODE', 0), ('OMEGAS_V3', 1), ('OMEGAS_Q', 0), ('OMEGAS_V4', 1), ('OMEGAS_Q2', 1), ('OMEGAS_D1', 1), ('OMEGAS_D2', 1), ('TLAG', 0), ('TLAG2', 1), ('ZERO_ORDER_ABS', 0), ('TRANSIT_COMP', 1), ('DOSE_COV_CL', 0), ('DOSE_COV_V2', 1), ('DOSE_COV
;; Genotype: [0, 1, 0, 1, 1, 1, 1, 0, 1, 0, 1, 0, 1, 1, 0, 1, 0]
;; Num non-influential tokens: 2
]]></nm:control_stream>
<nm:nmtran><![CDATA[

 WARNINGS AND ERRORS (IF ANY) FOR PROBLEM    1

 (WARNING  2) NM-TRAN INFERS THAT THE DATA ARE POPULATION.

 (MU_WARNING 26) DATA ITEM(S) USED IN DEFINITION OF MU_(S) SHOULD BE CONSTANT FOR INDIV. REC.:
  DOSE DOSEREF
]]></nm:nmtran>
<nm:nonmem nm:version='7.5.0'>
<nm:license_information><![CDATA[
License Registered to: AstraZeneca US Ltd.
Expiration Date:    14 AUG 2024
Current Date:       23 JAN 2024
Days until program expires : 201
]]></nm:license_information>
<nm:program_information><![CDATA[
1NONLINEAR MIXED EFFECTS MODEL PROGRAM (NONMEM) VERSION 7.5.0
 ORIGINALLY DEVELOPED BY STUART BEAL, LEWIS SHEINER, AND ALISON BOECKMANN
 CURRENT DEVELOPERS ARE ROBERT BAUER, ICON DEVELOPMENT SOLUTIONS,
 AND ALISON BOECKMANN. IMPLEMENTATION, EFFICIENCY, AND STANDARDIZATION
 PERFORMED BY NOUS INFOSYSTEMS.
]]></nm:program_information>
<nm:problem nm:number='1' nm:subproblem='0' nm:superproblem1='0' nm:iteration1='0' nm:superproblem2='0' nm:iteration2='0'>
<nm:problem_title>PK MODEL ORAL ADMINISTRATION</nm:problem_title>
<nm:problem_information><![CDATA[

 PROBLEM NO.:         1
 PK MODEL ORAL ADMINISTRATION
0DATA CHECKOUT RUN:              NO
 DATA SET LOCATED ON UNIT NO.:    2
 THIS UNIT TO BE REWOUND:        NO
 NO. OF DATA RECS IN DATA SET:     1440
 NO. OF DATA ITEMS IN DATA SET:  13
 ID DATA ITEM IS DATA ITEM NO.:   2
 DEP VARIABLE IS DATA ITEM NO.:   7
 MDV DATA ITEM IS DATA ITEM NO.: 13
0INDICES PASSED TO SUBROUTINE PRED:
   6   3   5   0   0   8   0   0   0   0   9
0LABELS FOR DATA ITEMS:
 C ID TIME TAD AMT EVID DV II ADDL DOSE DOSEREF DAY MDV
0FORMAT FOR DATA:
 (E1.0,E2.0,2E17.0,E5.0,E1.0,E16.0,2E2.0,2E3.0,E2.0,1F2.0)

 TOT. NO. OF OBS RECS:     1344
 TOT. NO. OF INDIVIDUALS:       96
0LENGTH OF THETA:   7
0DEFAULT THETA BOUNDARY TEST OMITTED:    NO
0OMEGA HAS SIMPLE DIAGONAL FORM WITH DIMENSION:   3
0DEFAULT OMEGA BOUNDARY TEST OMITTED:    NO
0SIGMA HAS SIMPLE DIAGONAL FORM WITH DIMENSION:   1
0DEFAULT SIGMA BOUNDARY TEST OMITTED:    NO
0INITIAL ESTIMATE OF THETA:
 LOWER BOUND    INITIAL EST    UPPER BOUND
 -0.1000E+07     0.2500E+01     0.1000E+07
 -0.1000E+07     0.7000E+01     0.1000E+07
 -0.1000E+07     0.1000E+00     0.1000E+07
 -0.1000E+07     0.1000E+00     0.1000E+07
 -0.1000E+07    -0.1500E+01     0.1000E+07
 -0.1000E+07     0.1500E+01     0.1000E+07
  0.0000E+00     0.2000E+00     0.1000E+07
0INITIAL ESTIMATE OF OMEGA:
 0.1000E+00
 0.0000E+00   0.1000E+00
 0.0000E+00   0.0000E+00   0.1000E+00
0INITIAL ESTIMATE OF SIGMA:
 0.1000E+01
0SIGMA CONSTRAINED TO BE THIS INITIAL ESTIMATE
0COVARIANCE STEP OMITTED:        NO
 R MATRIX SUBSTITUTED:          YES
 S MATRIX SUBSTITUTED:           NO
 EIGENVLS. PRINTED:             YES
 COMPRESSED FORMAT:              NO
 GRADIENT METHOD USED:     NOSLOW
 SIGDIGITS ETAHAT (SIGLO):                  -1
 SIGDIGITS GRADIENTS (SIGL):                -1
 EXCLUDE COV FOR FOCE (NOFCOV):              NO
 Cholesky Transposition of R Matrix (CHOLROFF):0
 KNUTHSUMOFF:                                -1
 RESUME COV ANALYSIS (RESUME):               NO
 SIR SAMPLE SIZE (SIRSAMPLE):
 NON-LINEARLY TRANSFORM THETAS DURING COV (THBND): 1
 PRECONDTIONING CYCLES (PRECOND):        0
 PRECONDTIONING TYPES (PRECONDS):        TOS
 FORCED PRECONDTIONING CYCLES (PFCOND):0
 PRECONDTIONING TYPE (PRETYPE):        0
 FORCED POS. DEFINITE SETTING DURING PRECONDITIONING: (FPOSDEF):0
 SIMPLE POS. DEFINITE SETTING: (POSDEF):-1
1DOUBLE PRECISION PREDPP VERSION 7.5.0

 GENERAL LINEAR KINETICS MODEL (ADVAN5)
0MODEL SUBROUTINE USER-SUPPLIED - ID NO. 9999
0MAXIMUM NO. OF BASIC PK PARAMETERS:   4
0RATE CONSTANT PARAMETERS - ASSIGNMENT OF ROWS IN GG
            TO COMPT.
  FROM      1    2    3    4    5
  COMPT.
    1       *    -    1    -    -
    2       -    *    -    -    4
    3       -    -    *    2    -
    4       -    3    -    *    -
             * LINK FROM A COMPARTMENT TO ITSELF IS NOT POSSIBLE
             - LINK BETWEEN THESE COMPARTMENTS IS NOT DEFINED FOR THIS MODEL
0COMPARTMENT ATTRIBUTES
 COMPT. NO.   FUNCTION   INITIAL    ON/OFF      DOSE      DEFAULT    DEFAULT
                         STATUS     ALLOWED    ALLOWED    FOR DOSE   FOR OBS.
    1         DEPOT        OFF        YES        YES        YES        NO
    2         CENTRAL      ON         YES        YES        NO         YES
    3         TRANSIT1     ON         YES        YES        NO         NO
    4         TRANSIT2     ON         YES        YES        NO         NO
    5         OUTPUT       OFF        YES        NO         NO         NO
1
 ADDITIONAL PK PARAMETERS - ASSIGNMENT OF ROWS IN GG
 COMPT. NO.                             INDICES
              SCALE      BIOAVAIL.   ZERO-ORDER  ZERO-ORDER  ABSORB
                         FRACTION    RATE        DURATION    LAG
    1            *           5           *           *           *
    2            6           *           *           *           *
    3            *           *           *           *           *
    4            *           *           *           *           *
    5            *           -           -           -           -
             - PARAMETER IS NOT ALLOWED FOR THIS MODEL
             * PARAMETER IS NOT SUPPLIED BY PK SUBROUTINE;
               WILL DEFAULT TO ONE IF APPLICABLE
0DATA ITEM INDICES USED BY PRED ARE:
   EVENT ID DATA ITEM IS DATA ITEM NO.:      6
   TIME DATA ITEM IS DATA ITEM NO.:          3
   DOSE AMOUNT DATA ITEM IS DATA ITEM NO.:   5
   INTERVAL DATA ITEM IS DATA ITEM NO.:      8
   ADDL. DOSES DATA ITEM IS DATA ITEM NO.:   9

0PK SUBROUTINE CALLED WITH EVERY EVENT RECORD.
 PK SUBROUTINE NOT CALLED AT NONEVENT (ADDITIONAL OR LAGGED) DOSE TIMES.
0ERROR SUBROUTINE CALLED WITH EVERY EVENT RECORD.
0ERROR SUBROUTINE INDICATES THAT DERIVATIVES OF COMPARTMENT AMOUNTS ARE USED.
]]></nm:problem_information>
<nm:problem_options
 nm:data_checkout_run='no' nm:data_unit='2' nm:data_rewind='no' nm:data_nrec='1440' nm:data_nitems='13' nm:data_id='2'
 nm:data_l2='0' nm:data_dv='7' nm:data_mdv='13' nm:data_mrg='0' nm:data_raw='0' nm:data_rpt='0' nm:data_sub_array1='0'
 nm:data_sub_array2='0' nm:data_sub_array3='0' nm:data_pred_indices='6,3,5,0,0,8,0,0,0,0,9'
 nm:data_format='(e1.0,e2.0,2e17.0,e5.0,e1.0,e16.0,2e2.0,2e3.0,e2.0,1f2.0)' nm:data_nobs='1344'
 nm:data_nind='96' nm:data_mdv100='0' nm:nthetat='7' nm:theta_bound_test_omitted='no' nm:omega_diagdim='3'
 nm:omega_bound_test_omitted='no' nm:sigma_diagdim='1' nm:sigma_bound_test_omitted='no' nm:cov_omitted='no'
 nm:cov_matrix='r' nm:cov_eigen_print='yes' nm:cov_compressed='no' nm:cov_slow_gradient='noslow'
 nm:cov_siglocov='-1' nm:cov_siglcov='-1' nm:cov_tol='-1' nm:cov_atol='-1' nm:cov_nofcov='no' nm:cov_cholroff='0'
 nm:cov_knuthsumoff='-1' nm:cov_resume='no' nm:cov_sirsample='BLANK' nm:cov_thbnd='1' nm:cov_precond='0'
 nm:cov_preconds='tos' nm:cov_pfcond='0' nm:cov_pretype='0' nm:cov_fposdef='0' nm:cov_posdef='-1' nm:pred_advan='5'
 nm:pred_evid='6' nm:pred_time='3' nm:pred_amt='5' nm:pred_ii='8' nm:pred_addl='9'
/>
<nm:theta_lb>
<nm:val nm:name='1'>-1000000.0000000000</nm:val>
<nm:val nm:name='2'>-1000000.0000000000</nm:val>
<nm:val nm:name='3'>-1000000.0000000000</nm:val>
<nm:val nm:name='4'>-1000000.0000000000</nm:val>
<nm:val nm:name='5'>-1000000.0000000000</nm:val>
<nm:val nm:name='6'>-1000000.0000000000</nm:val>
<nm:val nm:name='7'>0.0000000000000000</nm:val>
</nm:theta_lb>
<nm:theta_in>
<nm:val nm:name='1'>2.5000000000000000</nm:val>
<nm:val nm:name='2'>7.0000000000000000</nm:val>
<nm:val nm:name='3'>0.10000000000000001</nm:val>
<nm:val nm:name='4'>0.10000000000000001</nm:val>
<nm:val nm:name='5'>-1.5000000000000000</nm:val>
<nm:val nm:name='6'>1.5000000000000000</nm:val>
<nm:val nm:name='7'>0.20000000000000001</nm:val>
</nm:theta_in>
<nm:theta_ub>
<nm:val nm:name='1'>1000000.0000000000</nm:val>
<nm:val nm:name='2'>1000000.0000000000</nm:val>
<nm:val nm:name='3'>1000000.0000000000</nm:val>
<nm:val nm:name='4'>1000000.0000000000</nm:val>
<nm:val nm:name='5'>1000000.0000000000</nm:val>
<nm:val nm:name='6'>1000000.0000000000</nm:val>
<nm:val nm:name='7'>1000000.0000000000</nm:val>
</nm:theta_ub>
<nm:estimation nm:number='1' nm:type='0'>
<nm:table_series>1</nm:table_series>
<nm:estimation_method>saem</nm:estimation_method>
<nm:estimation_title>Stochastic Approximation Expectation-Maximization</nm:estimation_title>
<nm:estimation_information><![CDATA[
 ESTIMATION STEP OMITTED:                 NO
 ANALYSIS TYPE:                           POPULATION
 NUMBER OF SADDLE POINT RESET ITERATIONS:      0
 GRADIENT METHOD USED:               NOSLOW
 CONDITIONAL ESTIMATES USED:              YES
 CENTERED ETA:                            NO
 EPS-ETA INTERACTION:                     YES
 LAPLACIAN OBJ. FUNC.:                    NO
 NO. OF FUNCT. EVALS. ALLOWED:            728
 NO. OF SIG. FIGURES REQUIRED:            3
 INTERMEDIATE PRINTOUT:                   YES
 ESTIMATE OUTPUT TO MSF:                  NO
 ABORT WITH PRED EXIT CODE 1:             NO
 IND. OBJ. FUNC. VALUES SORTED:           NO
 NUMERICAL DERIVATIVE
       FILE REQUEST (NUMDER):               NONE
 MAP (ETAHAT) ESTIMATION METHOD (OPTMAP):   0
 ETA HESSIAN EVALUATION METHOD (ETADER):    0
 INITIAL ETA FOR MAP ESTIMATION (MCETA):    0
 SIGDIGITS FOR MAP ESTIMATION (SIGLO):      100
 GRADIENT SIGDIGITS OF
       FIXED EFFECTS PARAMETERS (SIGL):     100
 NOPRIOR SETTING (NOPRIOR):                 0
 NOCOV SETTING (NOCOV):                     OFF
 DERCONT SETTING (DERCONT):                 OFF
 FINAL ETA RE-EVALUATION (FNLETA):          1
 EXCLUDE NON-INFLUENTIAL (NON-INFL.) ETAS
       IN SHRINKAGE (ETASTYPE):             NO
 NON-INFL. ETA CORRECTION (NONINFETA):      0
 RAW OUTPUT FILE (FILE): NM_1_03.ext
 EXCLUDE TITLE (NOTITLE):                   NO
 EXCLUDE COLUMN LABELS (NOLABEL):           NO
 FORMAT FOR ADDITIONAL FILES (FORMAT):      S1PE12.5
 PARAMETER ORDER FOR OUTPUTS (ORDER):       TSOL
 KNUTHSUMOFF:                               0
 INCLUDE LNTWOPI:                           NO
 INCLUDE CONSTANT TERM TO PRIOR (PRIORC):   NO
 INCLUDE CONSTANT TERM TO OMEGA (ETA) (OLNTWOPI):NO
 EM OR BAYESIAN METHOD USED:                STOCHASTIC APPROXIMATION EXPECTATION MAXIMIZATION (SAEM)
 MU MODELING PATTERN (MUM):
 GRADIENT/GIBBS PATTERN (GRD):
 AUTOMATIC SETTING FEATURE (AUTO):          0
 CONVERGENCE TYPE (CTYPE):                  3
 CONVERGENCE INTERVAL (CINTERVAL):          10
 CONVERGENCE ITERATIONS (CITER):            10
 CONVERGENCE ALPHA ERROR (CALPHA):          5.000000000000000E-02
 BURN-IN ITERATIONS (NBURN):                1000
 FIRST ITERATION FOR MAP (MAPITERS):          NO
 ITERATIONS (NITER):                        500
 ANNEAL SETTING (CONSTRAIN):                 1
 STARTING SEED FOR MC METHODS (SEED):       234567
 MC SAMPLES PER SUBJECT (ISAMPLE):          2
 RANDOM SAMPLING METHOD (RANMETHOD):        3US2P
 EXPECTATION ONLY (EONLY):                  0
 PROPOSAL DENSITY SCALING RANGE
              (ISCALE_MIN, ISCALE_MAX):     1.000000000000000E-06   ,1000000.00000000
 SAMPLE ACCEPTANCE RATE (IACCEPT):          0.400000000000000
 METROPOLIS HASTINGS SAMPLING FOR INDIVIDUAL ETAS:
 SAMPLES FOR GLOBAL SEARCH KERNEL (ISAMPLE_M1):          2
 SAMPLES FOR NEIGHBOR SEARCH KERNEL (ISAMPLE_M1A):       0
 SAMPLES FOR MASS/IMP/POST. MATRIX SEARCH (ISAMPLE_M1B): 2
 SAMPLES FOR LOCAL SEARCH KERNEL (ISAMPLE_M2):           2
 SAMPLES FOR LOCAL UNIVARIATE KERNEL (ISAMPLE_M3):       2
 PWR. WT. MASS/IMP/POST MATRIX ACCUM. FOR ETAS (IKAPPA): 1.00000000000000
 MASS/IMP./POST. MATRIX REFRESH SETTING (MASSRESET):      -1

]]></nm:estimation_information>
<nm:estimation_options
 nm:estim_omitted='no' nm:analysis_type='pop' nm:saddle_reset='0' nm:saddle_hess='0' nm:slow_gradient='noslow'
 nm:cond_estim='yes' nm:centered_eta='no' nm:epseta_interaction='yes' nm:laplace='no' nm:predflag='0' nm:maxfn='728'
 nm:nsig='3' nm:msfo='no' nm:abort='no' nm:objsort='no' nm:numder='0' nm:optmap='0' nm:etader='0' nm:mceta='0' nm:siglo='100'
 nm:sigl='100' nm:noprior='0' nm:nocov='0' nm:dercont='0' nm:atol='0' nm:fnleta='1' nm:etastype='0' nm:noninfeta='0'
 nm:file='nm_1_03.ext' nm:notitle='0' nm:nolabel='0' nm:format='s1pe12.5' nm:order='tsol' nm:knuthsumoff='0'
 nm:lntwopi='0' nm:priorc='0' nm:olntwopi='0' nm:estimation_method='saem' nm:mum='BLANK' nm:grd='BLANK' nm:auto='0'
 nm:ctype='3' nm:cinterval='10' nm:citer='10' nm:calpha='5.000000000000000E-02' nm:nburn='1000' nm:mapiters='0'
 nm:niter='500' nm:constrain='1' nm:anneal='BLANK' nm:seed='234567' nm:clockseed='0' nm:isample='2' nm:ranmethod='3us2p'
 nm:eonly='0' nm:iscale_min='1.000000000000000E-06' nm:iscale_max='1000000.00000000'
 nm:iaccept='0.400000000000000' nm:isample_m1='2' nm:isample_m1a='0' nm:isample_m1b='2' nm:isample_m2='2'
 nm:isample_m3='2' nm:ikappa='1.00000000000000' nm:massreset='-1'
/>
<nm:monitor>
<nm:obj nm:iteration='-1000'>855991.34641941672</nm:obj>
<nm:obj nm:iteration='-995'>20899.399496450940</nm:obj>
<nm:obj nm:iteration='-990'>18192.608794559430</nm:obj>
<nm:obj nm:iteration='-985'>16676.651526497149</nm:obj>
<nm:obj nm:iteration='-980'>15631.375708713769</nm:obj>
<nm:obj nm:iteration='-975'>14729.426078552880</nm:obj>
<nm:obj nm:iteration='-970'>14480.053456073612</nm:obj>
<nm:obj nm:iteration='-965'>14266.134870599260</nm:obj>
<nm:obj nm:iteration='-960'>13943.322793566003</nm:obj>
<nm:obj nm:iteration='-955'>13939.176727382155</nm:obj>
<nm:obj nm:iteration='-950'>13982.581407041396</nm:obj>
<nm:obj nm:iteration='-945'>13932.720597935369</nm:obj>
<nm:obj nm:iteration='-940'>13934.350754010888</nm:obj>
<nm:obj nm:iteration='-935'>13921.972485273503</nm:obj>
<nm:obj nm:iteration='-930'>13928.920141965231</nm:obj>
<nm:obj nm:iteration='-925'>13938.158971978835</nm:obj>
<nm:obj nm:iteration='-920'>13931.807697981742</nm:obj>
<nm:obj nm:iteration='-915'>13930.557802008385</nm:obj>
<nm:obj nm:iteration='-910'>13952.797980075055</nm:obj>
<nm:obj nm:iteration='-905'>13927.506637356973</nm:obj>
<nm:obj nm:iteration='-900'>13953.674616057133</nm:obj>
<nm:obj nm:iteration='-895'>13963.498052174447</nm:obj>
<nm:obj nm:iteration='-890'>13950.881718557921</nm:obj>
<nm:obj nm:iteration='-885'>13954.094092628207</nm:obj>
<nm:obj nm:iteration='-880'>13946.309650904361</nm:obj>
<nm:obj nm:iteration='0'>13934.336724801189</nm:obj>
<nm:obj nm:iteration='5'>13909.499440153644</nm:obj>
<nm:obj nm:iteration='10'>13909.612472334911</nm:obj>
<nm:obj nm:iteration='15'>13906.702479588796</nm:obj>
<nm:obj nm:iteration='20'>13903.668341283010</nm:obj>
<nm:obj nm:iteration='25'>13903.296966882343</nm:obj>
<nm:obj nm:iteration='30'>13902.161628491973</nm:obj>
<nm:obj nm:iteration='35'>13902.531113366294</nm:obj>
<nm:obj nm:iteration='40'>13902.442897173181</nm:obj>
<nm:obj nm:iteration='45'>13902.463209189491</nm:obj>
<nm:obj nm:iteration='50'>13902.171907051425</nm:obj>
<nm:obj nm:iteration='55'>13902.651545518000</nm:obj>
<nm:obj nm:iteration='60'>13902.741721149989</nm:obj>
<nm:obj nm:iteration='65'>13902.919536691048</nm:obj>
<nm:obj nm:iteration='70'>13902.660072227438</nm:obj>
<nm:obj nm:iteration='75'>13902.474970657961</nm:obj>
<nm:obj nm:iteration='80'>13902.501621757809</nm:obj>
<nm:obj nm:iteration='85'>13902.411960994661</nm:obj>
<nm:obj nm:iteration='90'>13902.350028629975</nm:obj>
<nm:obj nm:iteration='95'>13902.149592309319</nm:obj>
<nm:obj nm:iteration='100'>13901.941902564768</nm:obj>
<nm:obj nm:iteration='105'>13901.695702602618</nm:obj>
<nm:obj nm:iteration='110'>13901.972092190936</nm:obj>
<nm:obj nm:iteration='115'>13902.276756469782</nm:obj>
<nm:obj nm:iteration='120'>13902.010864752267</nm:obj>
<nm:obj nm:iteration='125'>13901.755877464670</nm:obj>
<nm:obj nm:iteration='130'>13901.647745188744</nm:obj>
<nm:obj nm:iteration='135'>13901.617612272303</nm:obj>
<nm:obj nm:iteration='140'>13901.431859282689</nm:obj>
<nm:obj nm:iteration='145'>13901.367954885516</nm:obj>
<nm:obj nm:iteration='150'>13901.116383662335</nm:obj>
<nm:obj nm:iteration='155'>13900.970723296061</nm:obj>
<nm:obj nm:iteration='160'>13900.963408258751</nm:obj>
<nm:obj nm:iteration='165'>13900.839721771370</nm:obj>
<nm:obj nm:iteration='170'>13900.938512900706</nm:obj>
<nm:obj nm:iteration='175'>13901.090155487676</nm:obj>
<nm:obj nm:iteration='180'>13901.252595431308</nm:obj>
<nm:obj nm:iteration='185'>13901.153325928644</nm:obj>
<nm:obj nm:iteration='190'>13901.049701129517</nm:obj>
<nm:obj nm:iteration='195'>13901.106812613820</nm:obj>
<nm:obj nm:iteration='200'>13901.115969365726</nm:obj>
<nm:obj nm:iteration='205'>13900.901533795288</nm:obj>
<nm:obj nm:iteration='210'>13900.991468186514</nm:obj>
<nm:obj nm:iteration='215'>13900.799440825840</nm:obj>
<nm:obj nm:iteration='220'>13900.726757837412</nm:obj>
<nm:obj nm:iteration='225'>13900.722899566455</nm:obj>
<nm:obj nm:iteration='230'>13900.738960233577</nm:obj>
<nm:obj nm:iteration='235'>13900.754181982004</nm:obj>
<nm:obj nm:iteration='240'>13900.915485831361</nm:obj>
<nm:obj nm:iteration='245'>13900.985232040466</nm:obj>
<nm:obj nm:iteration='250'>13900.885176221145</nm:obj>
<nm:obj nm:iteration='255'>13900.878313326046</nm:obj>
<nm:obj nm:iteration='260'>13900.851507882986</nm:obj>
<nm:obj nm:iteration='265'>13900.804048376638</nm:obj>
<nm:obj nm:iteration='270'>13900.891069621044</nm:obj>
<nm:obj nm:iteration='275'>13900.880782592363</nm:obj>
<nm:obj nm:iteration='280'>13900.811609974986</nm:obj>
<nm:obj nm:iteration='285'>13900.864947722817</nm:obj>
<nm:obj nm:iteration='290'>13900.777221380438</nm:obj>
<nm:obj nm:iteration='295'>13900.736052711307</nm:obj>
<nm:obj nm:iteration='300'>13900.733127097221</nm:obj>
<nm:obj nm:iteration='305'>13900.744819163645</nm:obj>
<nm:obj nm:iteration='310'>13900.841648155392</nm:obj>
<nm:obj nm:iteration='315'>13900.845761702160</nm:obj>
<nm:obj nm:iteration='320'>13900.959261826067</nm:obj>
<nm:obj nm:iteration='325'>13900.955628042600</nm:obj>
<nm:obj nm:iteration='330'>13900.901569861848</nm:obj>
<nm:obj nm:iteration='335'>13900.863001090267</nm:obj>
<nm:obj nm:iteration='340'>13900.819807190628</nm:obj>
<nm:obj nm:iteration='345'>13900.820119943630</nm:obj>
<nm:obj nm:iteration='350'>13900.832731022931</nm:obj>
<nm:obj nm:iteration='355'>13900.927350190610</nm:obj>
<nm:obj nm:iteration='360'>13900.885167099021</nm:obj>
<nm:obj nm:iteration='365'>13900.912810587537</nm:obj>
<nm:obj nm:iteration='370'>13900.923723138414</nm:obj>
<nm:obj nm:iteration='375'>13900.946716849607</nm:obj>
<nm:obj nm:iteration='380'>13901.024461043186</nm:obj>
<nm:obj nm:iteration='385'>13900.854819140588</nm:obj>
<nm:obj nm:iteration='390'>13900.763910680540</nm:obj>
<nm:obj nm:iteration='395'>13900.678461305690</nm:obj>
<nm:obj nm:iteration='400'>13900.639699769279</nm:obj>
<nm:obj nm:iteration='405'>13900.602169802085</nm:obj>
<nm:obj nm:iteration='410'>13900.659151765996</nm:obj>
<nm:obj nm:iteration='415'>13900.693259518610</nm:obj>
<nm:obj nm:iteration='420'>13900.793968070302</nm:obj>
<nm:obj nm:iteration='425'>13900.746549116364</nm:obj>
<nm:obj nm:iteration='430'>13900.803800588537</nm:obj>
<nm:obj nm:iteration='435'>13900.800316808278</nm:obj>
<nm:obj nm:iteration='440'>13900.683606068742</nm:obj>
<nm:obj nm:iteration='445'>13900.639460916016</nm:obj>
<nm:obj nm:iteration='450'>13900.698431797417</nm:obj>
<nm:obj nm:iteration='455'>13900.713395941535</nm:obj>
<nm:obj nm:iteration='460'>13900.613582056654</nm:obj>
<nm:obj nm:iteration='465'>13900.544820800207</nm:obj>
<nm:obj nm:iteration='470'>13900.654341383890</nm:obj>
<nm:obj nm:iteration='475'>13900.705035186575</nm:obj>
<nm:obj nm:iteration='480'>13900.519466131138</nm:obj>
<nm:obj nm:iteration='485'>13900.494479196526</nm:obj>
<nm:obj nm:iteration='490'>13900.397928520362</nm:obj>
<nm:obj nm:iteration='495'>13900.345272711544</nm:obj>
<nm:obj nm:iteration='500'>13900.345542964775</nm:obj>
</nm:monitor>
<nm:termination_status>0</nm:termination_status>
<nm:termination_information><![CDATA[
 STOCHASTIC PORTION WAS COMPLETED
 REDUCED STOCHASTIC PORTION WAS COMPLETED
]]></nm:termination_information>
<nm:etabar>
<nm:row nm:rname='SUBPOP1'>
<nm:col nm:cname='ETA1'>-9.8708816082445274E-006</nm:col>
<nm:col nm:cname='ETA2'>6.6920925098819710E-006</nm:col>
<nm:col nm:cname='ETA3'>-7.3522644030935697E-006</nm:col>
</nm:row>
</nm:etabar>
<nm:etabarse>
<nm:row nm:rname='SUBPOP1'>
<nm:col nm:cname='ETA1'>5.2117085709131608E-002</nm:col>
<nm:col nm:cname='ETA2'>4.7439133948211795E-002</nm:col>
<nm:col nm:cname='ETA3'>2.9853801000550340E-002</nm:col>
</nm:row>
</nm:etabarse>
<nm:etabarn>
<nm:row nm:rname='SUBPOP1'>
<nm:col nm:cname='ETA1'>96</nm:col>
<nm:col nm:cname='ETA2'>96</nm:col>
<nm:col nm:cname='ETA3'>96</nm:col>
</nm:row>
</nm:etabarn>
<nm:etabarpval>
<nm:row nm:rname='SUBPOP1'>
<nm:col nm:cname='ETA1'>0.99984887908635767</nm:col>
<nm:col nm:cname='ETA2'>0.99988744210533353</nm:col>
<nm:col nm:cname='ETA3'>0.99980349714462491</nm:col>
</nm:row>
</nm:etabarpval>
<nm:etashrinksd>
<nm:row nm:rname='SUBPOP1'>
<nm:col nm:cname='ETA1'>2.2377709454530437</nm:col>
<nm:col nm:cname='ETA2'>5.0023315523655132</nm:col>
<nm:col nm:cname='ETA3'>10.074982809329637</nm:col>
</nm:row>
</nm:etashrinksd>
<nm:etashrinkvr>
<nm:row nm:rname='SUBPOP1'>
<nm:col nm:cname='ETA1'>4.4254657028629403</nm:col>
<nm:col nm:cname='ETA2'>9.7544298951331214</nm:col>
<nm:col nm:cname='ETA3'>19.134912832576390</nm:col>
</nm:row>
</nm:etashrinkvr>
<nm:ebvshrinksd>
<nm:row nm:rname='SUBPOP1'>
<nm:col nm:cname='EBV1'>2.2345533172058674</nm:col>
<nm:col nm:cname='EBV2'>5.0026201055578978</nm:col>
<nm:col nm:cname='EBV3'>10.069133448014590</nm:col>
</nm:row>
</nm:ebvshrinksd>
<nm:ebvshrinkvr>
<nm:row nm:rname='SUBPOP1'>
<nm:col nm:cname='EBV1'>4.4191743491373723</nm:col>
<nm:col nm:cname='EBV2'>9.7549781319104714</nm:col>
<nm:col nm:cname='EBV3'>19.124392412089918</nm:col>
</nm:row>
</nm:ebvshrinkvr>
<nm:relativeinf>
<nm:row nm:rname='SUBPOP1'>
<nm:col nm:cname='REL1'>95.547753033621333</nm:col>
<nm:col nm:cname='REL2'>89.604032942815095</nm:col>
<nm:col nm:cname='REL3'>80.283788093349443</nm:col>
</nm:row>
</nm:relativeinf>
<nm:epsshrinksd>
<nm:row nm:rname='SUBPOP1'>
<nm:col nm:cname='EPS1'>10.345359762311269</nm:col>
</nm:row>
</nm:epsshrinksd>
<nm:epsshrinkvr>
<nm:row nm:rname='SUBPOP1'>
<nm:col nm:cname='EPS1'>19.620454838506042</nm:col>
</nm:row>
</nm:epsshrinkvr>
<nm:estimation_elapsed_time>136.84</nm:estimation_elapsed_time>
<nm:covariance_information><![CDATA[
]]></nm:covariance_information>
<nm:covariance_status nm:error='0' nm:numnegeigenvalues='0' nm:mineigenvalue='4.3071518851054542E-002' nm:maxeigenvalue='22325.421090389631' nm:rms='0.0000000000000000'/>
<nm:covariance_elapsed_time>0.01</nm:covariance_elapsed_time>
<nm:final_objective_function_text>FINAL VALUE OF LIKELIHOOD FUNCTION</nm:final_objective_function_text>
<nm:final_objective_function>13900.345542964775</nm:final_objective_function>
<nm:theta>
<nm:val nm:name='1'>3.4013386756898272</nm:val>
<nm:val nm:name='2'>6.4153422284982913</nm:val>
<nm:val nm:name='3'>-0.45411246625134433</nm:val>
<nm:val nm:name='4'>-0.21339247341185485</nm:val>
<nm:val nm:name='5'>0.78135010399640903</nm:val>
<nm:val nm:name='6'>7.5089929494244978E-002</nm:val>
<nm:val nm:name='7'>0.34623786652460908</nm:val>
</nm:theta>
<nm:omega>
<nm:row nm:rname='1'>
<nm:col nm:cname='1'>0.27570009504193976</nm:col>
</nm:row>
<nm:row nm:rname='2'>
<nm:col nm:cname='1'>0.0000000000000000</nm:col>
<nm:col nm:cname='2'>0.24191704657150806</nm:col>
</nm:row>
<nm:row nm:rname='3'>
<nm:col nm:cname='1'>0.0000000000000000</nm:col>
<nm:col nm:cname='2'>0.0000000000000000</nm:col>
<nm:col nm:cname='3'>0.10691953686946196</nm:col>
</nm:row>
</nm:omega>
<nm:sigma>
<nm:row nm:rname='1'>
<nm:col nm:cname='1'>1.0000000000000000</nm:col>
</nm:row>
</nm:sigma>
<nm:omegac>
<nm:row nm:rname='1'>
<nm:col nm:cname='1'>0.52507151421681575</nm:col>
</nm:row>
<nm:row nm:rname='2'>
<nm:col nm:cname='1'>0.0000000000000000</nm:col>
<nm:col nm:cname='2'>0.49185063441202154</nm:col>
</nm:row>
<nm:row nm:rname='3'>
<nm:col nm:cname='1'>0.0000000000000000</nm:col>
<nm:col nm:cname='2'>0.0000000000000000</nm:col>
<nm:col nm:cname='3'>0.32698553006128872</nm:col>
</nm:row>
</nm:omegac>
<nm:sigmac>
<nm:row nm:rname='1'>
<nm:col nm:cname='1'>1.0000000000000000</nm:col>
</nm:row>
</nm:sigmac>
<nm:thetase>
<nm:val nm:name='1'>6.6369411956863800E-002</nm:val>
<nm:val nm:name='2'>8.9949113659624422E-002</nm:val>
<nm:val nm:name='3'>0.11099059062075120</nm:val>
<nm:val nm:name='4'>8.6228532246969428E-002</nm:val>
<nm:val nm:name='5'>7.7905780174190045E-002</nm:val>
<nm:val nm:name='6'>4.8181721646067874</nm:val>
<nm:val nm:name='7'>1.1179591593068588E-002</nm:val>
</nm:thetase>
<nm:omegase>
<nm:row nm:rname='1'>
<nm:col nm:cname='1'>5.0763274593283912E-002</nm:col>
</nm:row>
<nm:row nm:rname='2'>
<nm:col nm:cname='1'>0.0000000000000000</nm:col>
<nm:col nm:cname='2'>4.3920914112133315E-002</nm:col>
</nm:row>
<nm:row nm:rname='3'>
<nm:col nm:cname='1'>0.0000000000000000</nm:col>
<nm:col nm:cname='2'>0.0000000000000000</nm:col>
<nm:col nm:cname='3'>2.9584044678074226E-002</nm:col>
</nm:row>
</nm:omegase>
<nm:sigmase>
<nm:row nm:rname='1'>
<nm:col nm:cname='1'>0.0000000000000000</nm:col>
</nm:row>
</nm:sigmase>
<nm:omegacse>
<nm:row nm:rname='1'>
<nm:col nm:cname='1'>4.8339391129417118E-002</nm:col>
</nm:row>
<nm:row nm:rname='2'>
<nm:col nm:cname='1'>10000000000.000000</nm:col>
<nm:col nm:cname='2'>4.4648630132030000E-002</nm:col>
</nm:row>
<nm:row nm:rname='3'>
<nm:col nm:cname='1'>10000000000.000000</nm:col>
<nm:col nm:cname='2'>10000000000.000000</nm:col>
<nm:col nm:cname='3'>4.5237544108647748E-002</nm:col>
</nm:row>
</nm:omegacse>
<nm:sigmacse>
<nm:row nm:rname='1'>
<nm:col nm:cname='1'>10000000000.000000</nm:col>
</nm:row>
</nm:sigmacse>
<nm:covariance>
<nm:row nm:rname='THETA1'>
<nm:col nm:cname='THETA1'>4.4048988434998949E-003</nm:col>
</nm:row>
<nm:row nm:rname='THETA2'>
<nm:col nm:cname='THETA1'>-2.0788010416510957E-003</nm:col>
<nm:col nm:cname='THETA2'>8.0908430481520330E-003</nm:col>
</nm:row>
<nm:row nm:rname='THETA3'>
<nm:col nm:cname='THETA1'>3.1400950055237621E-004</nm:col>
<nm:col nm:cname='THETA2'>4.5088283232160914E-003</nm:col>
<nm:col nm:cname='THETA3'>1.2318911206343186E-002</nm:col>
</nm:row>
<nm:row nm:rname='THETA4'>
<nm:col nm:cname='THETA1'>-3.7292430750731064E-004</nm:col>
<nm:col nm:cname='THETA2'>1.5787471639552820E-003</nm:col>
<nm:col nm:cname='THETA3'>2.7052397615608807E-003</nm:col>
<nm:col nm:cname='THETA4'>7.4353597734666474E-003</nm:col>
</nm:row>
<nm:row nm:rname='THETA5'>
<nm:col nm:cname='THETA1'>-6.5149611635673257E-005</nm:col>
<nm:col nm:cname='THETA2'>2.0535789632093676E-003</nm:col>
<nm:col nm:cname='THETA3'>2.7105845881212048E-003</nm:col>
<nm:col nm:cname='THETA4'>4.6263121420144155E-003</nm:col>
<nm:col nm:cname='THETA5'>6.0693105845492238E-003</nm:col>
</nm:row>
<nm:row nm:rname='THETA6'>
<nm:col nm:cname='THETA1'>-2.9374047823053220E-002</nm:col>
<nm:col nm:cname='THETA2'>4.7382617028873038E-002</nm:col>
<nm:col nm:cname='THETA3'>-2.5212792948772631E-002</nm:col>
<nm:col nm:cname='THETA4'>-0.21318308974411898</nm:col>
<nm:col nm:cname='THETA5'>-5.4677160966996777E-002</nm:col>
<nm:col nm:cname='THETA6'>23.214783007791656</nm:col>
</nm:row>
<nm:row nm:rname='THETA7'>
<nm:col nm:cname='THETA1'>-3.4240099260963823E-004</nm:col>
<nm:col nm:cname='THETA2'>2.9356636776144916E-004</nm:col>
<nm:col nm:cname='THETA3'>-2.6744129583409202E-004</nm:col>
<nm:col nm:cname='THETA4'>-1.8052590676620123E-004</nm:col>
<nm:col nm:cname='THETA5'>-3.8286814384850924E-004</nm:col>
<nm:col nm:cname='THETA6'>1.2065865436128373E-002</nm:col>
<nm:col nm:cname='THETA7'>1.2498326818780986E-004</nm:col>
</nm:row>
<nm:row nm:rname='OMEGA(1,1)'>
<nm:col nm:cname='THETA1'>6.4002958726919131E-005</nm:col>
<nm:col nm:cname='THETA2'>3.7447243456650451E-004</nm:col>
<nm:col nm:cname='THETA3'>1.5435221214447259E-003</nm:col>
<nm:col nm:cname='THETA4'>6.2050277113549377E-004</nm:col>
<nm:col nm:cname='THETA5'>1.4045681858931688E-003</nm:col>
<nm:col nm:cname='THETA6'>3.2361493941201143E-002</nm:col>
<nm:col nm:cname='THETA7'>-1.6197503667268807E-004</nm:col>
<nm:col nm:cname='OMEGA(1,1)'>2.5769100474331442E-003</nm:col>
</nm:row>
<nm:row nm:rname='OMEGA(1,2)'>
<nm:col nm:cname='THETA1'>0.0000000000000000</nm:col>
<nm:col nm:cname='THETA2'>0.0000000000000000</nm:col>
<nm:col nm:cname='THETA3'>0.0000000000000000</nm:col>
<nm:col nm:cname='THETA4'>0.0000000000000000</nm:col>
<nm:col nm:cname='THETA5'>0.0000000000000000</nm:col>
<nm:col nm:cname='THETA6'>0.0000000000000000</nm:col>
<nm:col nm:cname='THETA7'>0.0000000000000000</nm:col>
<nm:col nm:cname='OMEGA(1,1)'>0.0000000000000000</nm:col>
<nm:col nm:cname='OMEGA(1,2)'>0.0000000000000000</nm:col>
</nm:row>
<nm:row nm:rname='OMEGA(1,3)'>
<nm:col nm:cname='THETA1'>0.0000000000000000</nm:col>
<nm:col nm:cname='THETA2'>0.0000000000000000</nm:col>
<nm:col nm:cname='THETA3'>0.0000000000000000</nm:col>
<nm:col nm:cname='THETA4'>0.0000000000000000</nm:col>
<nm:col nm:cname='THETA5'>0.0000000000000000</nm:col>
<nm:col nm:cname='THETA6'>0.0000000000000000</nm:col>
<nm:col nm:cname='THETA7'>0.0000000000000000</nm:col>
<nm:col nm:cname='OMEGA(1,1)'>0.0000000000000000</nm:col>
<nm:col nm:cname='OMEGA(1,2)'>0.0000000000000000</nm:col>
<nm:col nm:cname='OMEGA(1,3)'>0.0000000000000000</nm:col>
</nm:row>
<nm:row nm:rname='OMEGA(2,2)'>
<nm:col nm:cname='THETA1'>5.5381576208637495E-004</nm:col>
<nm:col nm:cname='THETA2'>-8.1383516439853510E-004</nm:col>
<nm:col nm:cname='THETA3'>7.1813609073355714E-004</nm:col>
<nm:col nm:cname='THETA4'>7.8451020114897300E-004</nm:col>
<nm:col nm:cname='THETA5'>1.2707370677581436E-003</nm:col>
<nm:col nm:cname='THETA6'>-3.6060778590472568E-002</nm:col>
<nm:col nm:cname='THETA7'>-1.7649549042000922E-004</nm:col>
<nm:col nm:cname='OMEGA(1,1)'>3.9034464293421286E-004</nm:col>
<nm:col nm:cname='OMEGA(1,2)'>0.0000000000000000</nm:col>
<nm:col nm:cname='OMEGA(1,3)'>0.0000000000000000</nm:col>
<nm:col nm:cname='OMEGA(2,2)'>1.9290466964453914E-003</nm:col>
</nm:row>
<nm:row nm:rname='OMEGA(2,3)'>
<nm:col nm:cname='THETA1'>0.0000000000000000</nm:col>
<nm:col nm:cname='THETA2'>0.0000000000000000</nm:col>
<nm:col nm:cname='THETA3'>0.0000000000000000</nm:col>
<nm:col nm:cname='THETA4'>0.0000000000000000</nm:col>
<nm:col nm:cname='THETA5'>0.0000000000000000</nm:col>
<nm:col nm:cname='THETA6'>0.0000000000000000</nm:col>
<nm:col nm:cname='THETA7'>0.0000000000000000</nm:col>
<nm:col nm:cname='OMEGA(1,1)'>0.0000000000000000</nm:col>
<nm:col nm:cname='OMEGA(1,2)'>0.0000000000000000</nm:col>
<nm:col nm:cname='OMEGA(1,3)'>0.0000000000000000</nm:col>
<nm:col nm:cname='OMEGA(2,2)'>0.0000000000000000</nm:col>
<nm:col nm:cname='OMEGA(2,3)'>0.0000000000000000</nm:col>
</nm:row>
<nm:row nm:rname='OMEGA(3,3)'>
<nm:col nm:cname='THETA1'>-1.6991761996334727E-004</nm:col>
<nm:col nm:cname='THETA2'>-6.8264685673005807E-004</nm:col>
<nm:col nm:cname='THETA3'>-1.2082842519549869E-004</nm:col>
<nm:col nm:cname='THETA4'>-3.7624194123737319E-005</nm:col>
<nm:col nm:cname='THETA5'>-8.6067602206601752E-004</nm:col>
<nm:col nm:cname='THETA6'>-3.7212837820521733E-002</nm:col>
<nm:col nm:cname='THETA7'>7.4248674841703119E-005</nm:col>
<nm:col nm:cname='OMEGA(1,1)'>-3.7987019493173734E-004</nm:col>
<nm:col nm:cname='OMEGA(1,2)'>0.0000000000000000</nm:col>
<nm:col nm:cname='OMEGA(1,3)'>0.0000000000000000</nm:col>
<nm:col nm:cname='OMEGA(2,2)'>-3.6932507314188832E-004</nm:col>
<nm:col nm:cname='OMEGA(2,3)'>0.0000000000000000</nm:col>
<nm:col nm:cname='OMEGA(3,3)'>8.7521569951429191E-004</nm:col>
</nm:row>
<nm:row nm:rname='SIGMA(1,1)'>
<nm:col nm:cname='THETA1'>0.0000000000000000</nm:col>
<nm:col nm:cname='THETA2'>0.0000000000000000</nm:col>
<nm:col nm:cname='THETA3'>0.0000000000000000</nm:col>
<nm:col nm:cname='THETA4'>0.0000000000000000</nm:col>
<nm:col nm:cname='THETA5'>0.0000000000000000</nm:col>
<nm:col nm:cname='THETA6'>0.0000000000000000</nm:col>
<nm:col nm:cname='THETA7'>0.0000000000000000</nm:col>
<nm:col nm:cname='OMEGA(1,1)'>0.0000000000000000</nm:col>
<nm:col nm:cname='OMEGA(1,2)'>0.0000000000000000</nm:col>
<nm:col nm:cname='OMEGA(1,3)'>0.0000000000000000</nm:col>
<nm:col nm:cname='OMEGA(2,2)'>0.0000000000000000</nm:col>
<nm:col nm:cname='OMEGA(2,3)'>0.0000000000000000</nm:col>
<nm:col nm:cname='OMEGA(3,3)'>0.0000000000000000</nm:col>
<nm:col nm:cname='SIGMA(1,1)'>0.0000000000000000</nm:col>
</nm:row>
</nm:covariance>
<nm:correlation>
<nm:row nm:rname='THETA1'>
<nm:col nm:cname='THETA1'>6.6369411956863800E-002</nm:col>
</nm:row>
<nm:row nm:rname='THETA2'>
<nm:col nm:cname='THETA1'>-0.34821547510870560</nm:col>
<nm:col nm:cname='THETA2'>8.9949113659624422E-002</nm:col>
</nm:row>
<nm:row nm:rname='THETA3'>
<nm:col nm:cname='THETA1'>4.2627381516078665E-002</nm:col>
<nm:col nm:cname='THETA2'>0.45162778101528789</nm:col>
<nm:col nm:cname='THETA3'>0.11099059062075120</nm:col>
</nm:row>
<nm:row nm:rname='THETA4'>
<nm:col nm:cname='THETA1'>-6.5163098749287274E-002</nm:col>
<nm:col nm:cname='THETA2'>0.20354699790731254</nm:col>
<nm:col nm:cname='THETA3'>0.28266276692947323</nm:col>
<nm:col nm:cname='THETA4'>8.6228532246969428E-002</nm:col>
</nm:row>
<nm:row nm:rname='THETA5'>
<nm:col nm:cname='THETA1'>-1.2600105467540392E-002</nm:col>
<nm:col nm:cname='THETA2'>0.29305209971297785</nm:col>
<nm:col nm:cname='THETA3'>0.31347803887389986</nm:col>
<nm:col nm:cname='THETA4'>0.68867490355921979</nm:col>
<nm:col nm:cname='THETA5'>7.7905780174190045E-002</nm:col>
</nm:row>
<nm:row nm:rname='THETA6'>
<nm:col nm:cname='THETA1'>-9.1857265668448096E-002</nm:col>
<nm:col nm:cname='THETA2'>0.10933012417703676</nm:col>
<nm:col nm:cname='THETA3'>-4.7146828165265352E-002</nm:col>
<nm:col nm:cname='THETA4'>-0.51312059273633415</nm:col>
<nm:col nm:cname='THETA5'>-0.14566458000173843</nm:col>
<nm:col nm:cname='THETA6'>4.8181721646067874</nm:col>
</nm:row>
<nm:row nm:rname='THETA7'>
<nm:col nm:cname='THETA1'>-0.46146748584559877</nm:col>
<nm:col nm:cname='THETA2'>0.29193318989792172</nm:col>
<nm:col nm:cname='THETA3'>-0.21553428692514778</nm:col>
<nm:col nm:cname='THETA4'>-0.18726758200511648</nm:col>
<nm:col nm:cname='THETA5'>-0.43959587984630449</nm:col>
<nm:col nm:cname='THETA6'>0.22400113807139399</nm:col>
<nm:col nm:cname='THETA7'>1.1179591593068588E-002</nm:col>
</nm:row>
<nm:row nm:rname='OMEGA(1,1)'>
<nm:col nm:cname='THETA1'>1.8996887544072891E-002</nm:col>
<nm:col nm:cname='THETA2'>8.2011232087420657E-002</nm:col>
<nm:col nm:cname='THETA3'>0.27395363431130970</nm:col>
<nm:col nm:cname='THETA4'>0.14175653928746723</nm:col>
<nm:col nm:cname='THETA5'>0.35515956607883087</nm:col>
<nm:col nm:cname='THETA6'>0.13231120311422317</nm:col>
<nm:col nm:cname='THETA7'>-0.28541219075112989</nm:col>
<nm:col nm:cname='OMEGA(1,1)'>5.0763274593283912E-002</nm:col>
</nm:row>
<nm:row nm:rname='OMEGA(1,2)'>
<nm:col nm:cname='THETA1'>0.0000000000000000</nm:col>
<nm:col nm:cname='THETA2'>0.0000000000000000</nm:col>
<nm:col nm:cname='THETA3'>0.0000000000000000</nm:col>
<nm:col nm:cname='THETA4'>0.0000000000000000</nm:col>
<nm:col nm:cname='THETA5'>0.0000000000000000</nm:col>
<nm:col nm:cname='THETA6'>0.0000000000000000</nm:col>
<nm:col nm:cname='THETA7'>0.0000000000000000</nm:col>
<nm:col nm:cname='OMEGA(1,1)'>0.0000000000000000</nm:col>
<nm:col nm:cname='OMEGA(1,2)'>0.0000000000000000</nm:col>
</nm:row>
<nm:row nm:rname='OMEGA(1,3)'>
<nm:col nm:cname='THETA1'>0.0000000000000000</nm:col>
<nm:col nm:cname='THETA2'>0.0000000000000000</nm:col>
<nm:col nm:cname='THETA3'>0.0000000000000000</nm:col>
<nm:col nm:cname='THETA4'>0.0000000000000000</nm:col>
<nm:col nm:cname='THETA5'>0.0000000000000000</nm:col>
<nm:col nm:cname='THETA6'>0.0000000000000000</nm:col>
<nm:col nm:cname='THETA7'>0.0000000000000000</nm:col>
<nm:col nm:cname='OMEGA(1,1)'>0.0000000000000000</nm:col>
<nm:col nm:cname='OMEGA(1,2)'>0.0000000000000000</nm:col>
<nm:col nm:cname='OMEGA(1,3)'>0.0000000000000000</nm:col>
</nm:row>
<nm:row nm:rname='OMEGA(2,2)'>
<nm:col nm:cname='THETA1'>0.18998791290771819</nm:col>
<nm:col nm:cname='THETA2'>-0.20600046106978964</nm:col>
<nm:col nm:cname='THETA3'>0.14731576332410368</nm:col>
<nm:col nm:cname='THETA4'>0.20714584717621062</nm:col>
<nm:col nm:cname='THETA5'>0.37137669513206834</nm:col>
<nm:col nm:cname='THETA6'>-0.17040463943732170</nm:col>
<nm:col nm:cname='THETA7'>-0.35944819288610008</nm:col>
<nm:col nm:cname='OMEGA(1,1)'>0.17507624513797512</nm:col>
<nm:col nm:cname='OMEGA(1,2)'>0.0000000000000000</nm:col>
<nm:col nm:cname='OMEGA(1,3)'>0.0000000000000000</nm:col>
<nm:col nm:cname='OMEGA(2,2)'>4.3920914112133315E-002</nm:col>
</nm:row>
<nm:row nm:rname='OMEGA(2,3)'>
<nm:col nm:cname='THETA1'>0.0000000000000000</nm:col>
<nm:col nm:cname='THETA2'>0.0000000000000000</nm:col>
<nm:col nm:cname='THETA3'>0.0000000000000000</nm:col>
<nm:col nm:cname='THETA4'>0.0000000000000000</nm:col>
<nm:col nm:cname='THETA5'>0.0000000000000000</nm:col>
<nm:col nm:cname='THETA6'>0.0000000000000000</nm:col>
<nm:col nm:cname='THETA7'>0.0000000000000000</nm:col>
<nm:col nm:cname='OMEGA(1,1)'>0.0000000000000000</nm:col>
<nm:col nm:cname='OMEGA(1,2)'>0.0000000000000000</nm:col>
<nm:col nm:cname='OMEGA(1,3)'>0.0000000000000000</nm:col>
<nm:col nm:cname='OMEGA(2,2)'>0.0000000000000000</nm:col>
<nm:col nm:cname='OMEGA(2,3)'>0.0000000000000000</nm:col>
</nm:row>
<nm:row nm:rname='OMEGA(3,3)'>
<nm:col nm:cname='THETA1'>-8.6539204132947536E-002</nm:col>
<nm:col nm:cname='THETA2'>-0.25653206488315694</nm:col>
<nm:col nm:cname='THETA3'>-3.6798100659189342E-002</nm:col>
<nm:col nm:cname='THETA4'>-1.4748867126944825E-002</nm:col>
<nm:col nm:cname='THETA5'>-0.37343281045465904</nm:col>
<nm:col nm:cname='THETA6'>-0.26106756965790517</nm:col>
<nm:col nm:cname='THETA7'>0.22449424845023913</nm:col>
<nm:col nm:cname='OMEGA(1,1)'>-0.25294613075715194</nm:col>
<nm:col nm:cname='OMEGA(1,2)'>0.0000000000000000</nm:col>
<nm:col nm:cname='OMEGA(1,3)'>0.0000000000000000</nm:col>
<nm:col nm:cname='OMEGA(2,2)'>-0.28423651681995810</nm:col>
<nm:col nm:cname='OMEGA(2,3)'>0.0000000000000000</nm:col>
<nm:col nm:cname='OMEGA(3,3)'>2.9584044678074226E-002</nm:col>
</nm:row>
<nm:row nm:rname='SIGMA(1,1)'>
<nm:col nm:cname='THETA1'>0.0000000000000000</nm:col>
<nm:col nm:cname='THETA2'>0.0000000000000000</nm:col>
<nm:col nm:cname='THETA3'>0.0000000000000000</nm:col>
<nm:col nm:cname='THETA4'>0.0000000000000000</nm:col>
<nm:col nm:cname='THETA5'>0.0000000000000000</nm:col>
<nm:col nm:cname='THETA6'>0.0000000000000000</nm:col>
<nm:col nm:cname='THETA7'>0.0000000000000000</nm:col>
<nm:col nm:cname='OMEGA(1,1)'>0.0000000000000000</nm:col>
<nm:col nm:cname='OMEGA(1,2)'>0.0000000000000000</nm:col>
<nm:col nm:cname='OMEGA(1,3)'>0.0000000000000000</nm:col>
<nm:col nm:cname='OMEGA(2,2)'>0.0000000000000000</nm:col>
<nm:col nm:cname='OMEGA(2,3)'>0.0000000000000000</nm:col>
<nm:col nm:cname='OMEGA(3,3)'>0.0000000000000000</nm:col>
<nm:col nm:cname='SIGMA(1,1)'>0.0000000000000000</nm:col>
</nm:row>
</nm:correlation>
<nm:invcovariance>
<nm:row nm:rname='THETA1'>
<nm:col nm:cname='THETA1'>329.32816944584425</nm:col>
</nm:row>
<nm:row nm:rname='THETA2'>
<nm:col nm:cname='THETA1'>62.914854489301959</nm:col>
<nm:col nm:cname='THETA2'>354.39127929355465</nm:col>
</nm:row>
<nm:row nm:rname='THETA3'>
<nm:col nm:cname='THETA1'>-28.739594539162773</nm:col>
<nm:col nm:cname='THETA2'>-147.71479193978556</nm:col>
<nm:col nm:cname='THETA3'>158.73917352865908</nm:col>
</nm:row>
<nm:row nm:rname='THETA4'>
<nm:col nm:cname='THETA1'>-3.8652222960919764</nm:col>
<nm:col nm:cname='THETA2'>70.524798437244613</nm:col>
<nm:col nm:cname='THETA3'>-59.765602610801231</nm:col>
<nm:col nm:cname='THETA4'>477.05724075148572</nm:col>
</nm:row>
<nm:row nm:rname='THETA5'>
<nm:col nm:cname='THETA1'>59.517939728308214</nm:col>
<nm:col nm:cname='THETA2'>-194.10974855893491</nm:col>
<nm:col nm:cname='THETA3'>70.524798432879777</nm:col>
<nm:col nm:cname='THETA4'>-425.28744241155852</nm:col>
<nm:col nm:cname='THETA5'>718.50136187899454</nm:col>
</nm:row>
<nm:row nm:rname='THETA6'>
<nm:col nm:cname='THETA1'>4.7681933761790647E-002</nm:col>
<nm:col nm:cname='THETA2'>0.99433362179411555</nm:col>
<nm:col nm:cname='THETA3'>-0.70495560967326165</nm:col>
<nm:col nm:cname='THETA4'>3.8079501119265831</nm:col>
<nm:col nm:cname='THETA5'>-2.8369345686571581</nm:col>
<nm:col nm:cname='THETA6'>8.7032990609522742E-002</nm:col>
</nm:row>
<nm:row nm:rname='THETA7'>
<nm:col nm:cname='THETA1'>842.81283480216462</nm:col>
<nm:col nm:cname='THETA2'>-1389.0953497911582</nm:col>
<nm:col nm:cname='THETA3'>690.47977586864363</nm:col>
<nm:col nm:cname='THETA4'>-1112.7382548220660</nm:col>
<nm:col nm:cname='THETA5'>2105.3539521503321</nm:col>
<nm:col nm:cname='THETA6'>-15.773753601221403</nm:col>
<nm:col nm:cname='THETA7'>21776.710561217071</nm:col>
</nm:row>
<nm:row nm:rname='OMEGA(1,1)'>
<nm:col nm:cname='THETA1'>37.882472209181209</nm:col>
<nm:col nm:cname='THETA2'>41.338975385985073</nm:col>
<nm:col nm:cname='THETA3'>-56.199510618240353</nm:col>
<nm:col nm:cname='THETA4'>2.1388494601018331</nm:col>
<nm:col nm:cname='THETA5'>-81.822402255898837</nm:col>
<nm:col nm:cname='THETA6'>-0.96600551530115875</nm:col>
<nm:col nm:cname='THETA7'>341.65887575880203</nm:col>
<nm:col nm:cname='OMEGA(1,1)'>506.34892710893376</nm:col>
</nm:row>
<nm:row nm:rname='OMEGA(1,2)'>
<nm:col nm:cname='THETA1'>0.0000000000000000</nm:col>
<nm:col nm:cname='THETA2'>0.0000000000000000</nm:col>
<nm:col nm:cname='THETA3'>0.0000000000000000</nm:col>
<nm:col nm:cname='THETA4'>0.0000000000000000</nm:col>
<nm:col nm:cname='THETA5'>0.0000000000000000</nm:col>
<nm:col nm:cname='THETA6'>0.0000000000000000</nm:col>
<nm:col nm:cname='THETA7'>0.0000000000000000</nm:col>
<nm:col nm:cname='OMEGA(1,1)'>0.0000000000000000</nm:col>
<nm:col nm:cname='OMEGA(1,2)'>0.0000000000000000</nm:col>
</nm:row>
<nm:row nm:rname='OMEGA(1,3)'>
<nm:col nm:cname='THETA1'>0.0000000000000000</nm:col>
<nm:col nm:cname='THETA2'>0.0000000000000000</nm:col>
<nm:col nm:cname='THETA3'>0.0000000000000000</nm:col>
<nm:col nm:cname='THETA4'>0.0000000000000000</nm:col>
<nm:col nm:cname='THETA5'>0.0000000000000000</nm:col>
<nm:col nm:cname='THETA6'>0.0000000000000000</nm:col>
<nm:col nm:cname='THETA7'>0.0000000000000000</nm:col>
<nm:col nm:cname='OMEGA(1,1)'>0.0000000000000000</nm:col>
<nm:col nm:cname='OMEGA(1,2)'>0.0000000000000000</nm:col>
<nm:col nm:cname='OMEGA(1,3)'>0.0000000000000000</nm:col>
</nm:row>
<nm:row nm:rname='OMEGA(2,2)'>
<nm:col nm:cname='THETA1'>-2.9433209651844430</nm:col>
<nm:col nm:cname='THETA2'>237.41822339259377</nm:col>
<nm:col nm:cname='THETA3'>-110.65348180812801</nm:col>
<nm:col nm:cname='THETA4'>98.029990226617642</nm:col>
<nm:col nm:cname='THETA5'>-246.57414788651059</nm:col>
<nm:col nm:cname='THETA6'>2.0462054226754187</nm:col>
<nm:col nm:cname='THETA7'>-669.39222849892462</nm:col>
<nm:col nm:cname='OMEGA(1,1)'>11.562998102336362</nm:col>
<nm:col nm:cname='OMEGA(1,2)'>0.0000000000000000</nm:col>
<nm:col nm:cname='OMEGA(1,3)'>0.0000000000000000</nm:col>
<nm:col nm:cname='OMEGA(2,2)'>841.06163553808324</nm:col>
</nm:row>
<nm:row nm:rname='OMEGA(2,3)'>
<nm:col nm:cname='THETA1'>0.0000000000000000</nm:col>
<nm:col nm:cname='THETA2'>0.0000000000000000</nm:col>
<nm:col nm:cname='THETA3'>0.0000000000000000</nm:col>
<nm:col nm:cname='THETA4'>0.0000000000000000</nm:col>
<nm:col nm:cname='THETA5'>0.0000000000000000</nm:col>
<nm:col nm:cname='THETA6'>0.0000000000000000</nm:col>
<nm:col nm:cname='THETA7'>0.0000000000000000</nm:col>
<nm:col nm:cname='OMEGA(1,1)'>0.0000000000000000</nm:col>
<nm:col nm:cname='OMEGA(1,2)'>0.0000000000000000</nm:col>
<nm:col nm:cname='OMEGA(1,3)'>0.0000000000000000</nm:col>
<nm:col nm:cname='OMEGA(2,2)'>0.0000000000000000</nm:col>
<nm:col nm:cname='OMEGA(2,3)'>0.0000000000000000</nm:col>
</nm:row>
<nm:row nm:rname='OMEGA(3,3)'>
<nm:col nm:cname='THETA1'>113.13209766882716</nm:col>
<nm:col nm:cname='THETA2'>358.63448778408031</nm:col>
<nm:col nm:cname='THETA3'>-191.73108842287158</nm:col>
<nm:col nm:cname='THETA4'>-53.105813490517114</nm:col>
<nm:col nm:cname='THETA5'>119.38074227708945</nm:col>
<nm:col nm:cname='THETA6'>3.5442402064039675</nm:col>
<nm:col nm:cname='THETA7'>-1454.2435672837375</nm:col>
<nm:col nm:cname='OMEGA(1,1)'>106.06078138765461</nm:col>
<nm:col nm:cname='OMEGA(1,2)'>0.0000000000000000</nm:col>
<nm:col nm:cname='OMEGA(1,3)'>0.0000000000000000</nm:col>
<nm:col nm:cname='OMEGA(2,2)'>434.78953084538773</nm:col>
<nm:col nm:cname='OMEGA(2,3)'>0.0000000000000000</nm:col>
<nm:col nm:cname='OMEGA(3,3)'>2036.4834129197086</nm:col>
</nm:row>
<nm:row nm:rname='SIGMA(1,1)'>
<nm:col nm:cname='THETA1'>0.0000000000000000</nm:col>
<nm:col nm:cname='THETA2'>0.0000000000000000</nm:col>
<nm:col nm:cname='THETA3'>0.0000000000000000</nm:col>
<nm:col nm:cname='THETA4'>0.0000000000000000</nm:col>
<nm:col nm:cname='THETA5'>0.0000000000000000</nm:col>
<nm:col nm:cname='THETA6'>0.0000000000000000</nm:col>
<nm:col nm:cname='THETA7'>0.0000000000000000</nm:col>
<nm:col nm:cname='OMEGA(1,1)'>0.0000000000000000</nm:col>
<nm:col nm:cname='OMEGA(1,2)'>0.0000000000000000</nm:col>
<nm:col nm:cname='OMEGA(1,3)'>0.0000000000000000</nm:col>
<nm:col nm:cname='OMEGA(2,2)'>0.0000000000000000</nm:col>
<nm:col nm:cname='OMEGA(2,3)'>0.0000000000000000</nm:col>
<nm:col nm:cname='OMEGA(3,3)'>0.0000000000000000</nm:col>
<nm:col nm:cname='SIGMA(1,1)'>0.0000000000000000</nm:col>
</nm:row>
</nm:invcovariance>
<nm:eigenvalues>
<nm:val nm:name='1'>0.10425512067990333</nm:val>
<nm:val nm:name='2'>0.23278020818576614</nm:val>
<nm:val nm:name='3'>0.42993293103731017</nm:val>
<nm:val nm:name='4'>0.46065861756593562</nm:val>
<nm:val nm:name='5'>0.68610681987000544</nm:val>
<nm:val nm:name='6'>0.79631885934217073</nm:val>
<nm:val nm:name='7'>0.97542588813656783</nm:val>
<nm:val nm:name='8'>1.5753486448063947</nm:val>
<nm:val nm:name='9'>1.9208469481737478</nm:val>
<nm:val nm:name='10'>2.8183259622021977</nm:val>
</nm:eigenvalues>
</nm:estimation>
<nm:estimation nm:number='2' nm:type='0'>
<nm:table_series>2</nm:table_series>
<nm:estimation_method>impe</nm:estimation_method>
<nm:estimation_title>Objective Function Evaluation by Importance Sampling</nm:estimation_title>
<nm:estimation_information><![CDATA[
 ESTIMATION STEP OMITTED:                 NO
 ANALYSIS TYPE:                           POPULATION
 NUMBER OF SADDLE POINT RESET ITERATIONS:      0
 GRADIENT METHOD USED:               NOSLOW
 CONDITIONAL ESTIMATES USED:              YES
 CENTERED ETA:                            NO
 EPS-ETA INTERACTION:                     YES
 LAPLACIAN OBJ. FUNC.:                    NO
 NO. OF FUNCT. EVALS. ALLOWED:            728
 NO. OF SIG. FIGURES REQUIRED:            3
 INTERMEDIATE PRINTOUT:                   YES
 ESTIMATE OUTPUT TO MSF:                  NO
 ABORT WITH PRED EXIT CODE 1:             NO
 IND. OBJ. FUNC. VALUES SORTED:           NO
 NUMERICAL DERIVATIVE
       FILE REQUEST (NUMDER):               NONE
 MAP (ETAHAT) ESTIMATION METHOD (OPTMAP):   0
 ETA HESSIAN EVALUATION METHOD (ETADER):    0
 INITIAL ETA FOR MAP ESTIMATION (MCETA):    0
 SIGDIGITS FOR MAP ESTIMATION (SIGLO):      9
 GRADIENT SIGDIGITS OF
       FIXED EFFECTS PARAMETERS (SIGL):     9
 NOPRIOR SETTING (NOPRIOR):                 0
 NOCOV SETTING (NOCOV):                     OFF
 DERCONT SETTING (DERCONT):                 OFF
 FINAL ETA RE-EVALUATION (FNLETA):          1
 EXCLUDE NON-INFLUENTIAL (NON-INFL.) ETAS
       IN SHRINKAGE (ETASTYPE):             NO
 NON-INFL. ETA CORRECTION (NONINFETA):      0
 RAW OUTPUT FILE (FILE): NM_1_03.ext
 EXCLUDE TITLE (NOTITLE):                   NO
 EXCLUDE COLUMN LABELS (NOLABEL):           NO
 FORMAT FOR ADDITIONAL FILES (FORMAT):      S1PE12.5
 PARAMETER ORDER FOR OUTPUTS (ORDER):       TSOL
 KNUTHSUMOFF:                               0
 INCLUDE LNTWOPI:                           NO
 INCLUDE CONSTANT TERM TO PRIOR (PRIORC):   NO
 INCLUDE CONSTANT TERM TO OMEGA (ETA) (OLNTWOPI):NO
 EM OR BAYESIAN METHOD USED:                IMPORTANCE SAMPLING (IMP)
 MU MODELING PATTERN (MUM):
 GRADIENT/GIBBS PATTERN (GRD):
 AUTOMATIC SETTING FEATURE (AUTO):          0
 CONVERGENCE TYPE (CTYPE):                  3
 CONVERGENCE INTERVAL (CINTERVAL):          10
 CONVERGENCE ITERATIONS (CITER):            10
 CONVERGENCE ALPHA ERROR (CALPHA):          5.000000000000000E-02
 ITERATIONS (NITER):                        10
 ANNEAL SETTING (CONSTRAIN):                 1
 STARTING SEED FOR MC METHODS (SEED):       234567
 MC SAMPLES PER SUBJECT (ISAMPLE):          3000
 RANDOM SAMPLING METHOD (RANMETHOD):        3US2P
 EXPECTATION ONLY (EONLY):                  1
 PROPOSAL DENSITY SCALING RANGE
              (ISCALE_MIN, ISCALE_MAX):     0.100000000000000       ,10.0000000000000
 SAMPLE ACCEPTANCE RATE (IACCEPT):          0.400000000000000
 LONG TAIL SAMPLE ACCEPT. RATE (IACCEPTL):   0.00000000000000
 T-DIST. PROPOSAL DENSITY (DF):             0
 NO. ITERATIONS FOR MAP (MAPITER):          0
 INTERVAL ITER. FOR MAP (MAPINTER):         0
 MAP COVARIANCE/MODE SETTING (MAPCOV):      1
 Gradient Quick Value (GRDQ):               0.00000000000000

]]></nm:estimation_information>
<nm:estimation_options
 nm:estim_omitted='no' nm:analysis_type='pop' nm:saddle_reset='0' nm:saddle_hess='0' nm:slow_gradient='noslow'
 nm:cond_estim='yes' nm:centered_eta='no' nm:epseta_interaction='yes' nm:laplace='no' nm:predflag='0' nm:maxfn='728'
 nm:nsig='3' nm:msfo='no' nm:abort='no' nm:objsort='no' nm:numder='0' nm:optmap='0' nm:etader='0' nm:mceta='0' nm:siglo='9'
 nm:sigl='9' nm:noprior='0' nm:nocov='0' nm:dercont='0' nm:atol='0' nm:fnleta='1' nm:etastype='0' nm:noninfeta='0'
 nm:file='nm_1_03.ext' nm:notitle='0' nm:nolabel='0' nm:format='s1pe12.5' nm:order='tsol' nm:knuthsumoff='0'
 nm:lntwopi='0' nm:priorc='0' nm:olntwopi='0' nm:estimation_method='imp' nm:mum='BLANK' nm:grd='BLANK' nm:auto='0'
 nm:ctype='3' nm:cinterval='10' nm:citer='10' nm:calpha='5.000000000000000E-02' nm:niter='10' nm:constrain='1'
 nm:anneal='BLANK' nm:seed='234567' nm:clockseed='0' nm:isample='3000' nm:ranmethod='3us2p' nm:eonly='1'
 nm:iscale_min='0.100000000000000' nm:iscale_max='10.0000000000000' nm:iaccept='0.400000000000000'
 nm:iacceptl='0.00000000000000' nm:df='0' nm:mapiter='0' nm:mapinter='0' nm:mapcov='1' nm:grdq='0.00000000000000'
/>
<nm:monitor>
<nm:obj nm:iteration='0' nm:effective='2782.4740018100547' nm:sample='3000.0000000000000' nm:fitness='0.94130720998515760'>14913.560957475769</nm:obj>
<nm:obj nm:iteration='1' nm:effective='1182.6718925473192' nm:sample='3000.0000000000000' nm:fitness='0.87462886200502821'>14913.373634872110</nm:obj>
<nm:obj nm:iteration='2' nm:effective='1186.1932135905993' nm:sample='3000.0000000000000' nm:fitness='0.87526621002203919'>14913.320047364929</nm:obj>
<nm:obj nm:iteration='3' nm:effective='1198.9576015134307' nm:sample='3000.0000000000000' nm:fitness='0.87669858224019870'>14913.349223698995</nm:obj>
<nm:obj nm:iteration='4' nm:effective='1199.7357566999422' nm:sample='3000.0000000000000' nm:fitness='0.87684696903562709'>14913.349416814837</nm:obj>
<nm:obj nm:iteration='5' nm:effective='1201.6340618361112' nm:sample='3000.0000000000000' nm:fitness='0.87714952435641513'>14913.349427019037</nm:obj>
<nm:obj nm:iteration='6' nm:effective='1199.0443026925668' nm:sample='3000.0000000000000' nm:fitness='0.87674436748453710'>14913.321655591550</nm:obj>
<nm:obj nm:iteration='7' nm:effective='1200.4057507881801' nm:sample='3000.0000000000000' nm:fitness='0.87681293039430241'>14913.369482623955</nm:obj>
<nm:obj nm:iteration='8' nm:effective='1200.7408070889785' nm:sample='3000.0000000000000' nm:fitness='0.87695335994578461'>14913.328361600843</nm:obj>
<nm:obj nm:iteration='9' nm:effective='1201.2372597723484' nm:sample='3000.0000000000000' nm:fitness='0.87682334609195789'>14913.338582987219</nm:obj>
<nm:obj nm:iteration='10' nm:effective='1196.9972377387810' nm:sample='3000.0000000000000' nm:fitness='0.87666926653352084'>14913.302196402714</nm:obj>
</nm:monitor>
<nm:termination_status>1</nm:termination_status>
<nm:termination_information><![CDATA[
 EXPECTATION ONLY PROCESS WAS NOT COMPLETED

]]></nm:termination_information>
<nm:etabar>
<nm:row nm:rname='SUBPOP1'>
<nm:col nm:cname='ETA1'>-3.0026996640768189E-004</nm:col>
<nm:col nm:cname='ETA2'>-1.1451918845668725E-003</nm:col>
<nm:col nm:cname='ETA3'>3.2111129936349819E-004</nm:col>
</nm:row>
</nm:etabar>
<nm:etabarse>
<nm:row nm:rname='SUBPOP1'>
<nm:col nm:cname='ETA1'>5.2116739248981664E-002</nm:col>
<nm:col nm:cname='ETA2'>4.7450243105405784E-002</nm:col>
<nm:col nm:cname='ETA3'>2.9766108417421437E-002</nm:col>
</nm:row>
</nm:etabarse>
<nm:etabarn>
<nm:row nm:rname='SUBPOP1'>
<nm:col nm:cname='ETA1'>96</nm:col>
<nm:col nm:cname='ETA2'>96</nm:col>
<nm:col nm:cname='ETA3'>96</nm:col>
</nm:row>
</nm:etabarn>
<nm:etabarpval>
<nm:row nm:rname='SUBPOP1'>
<nm:col nm:cname='ETA1'>0.99540299346914807</nm:col>
<nm:col nm:cname='ETA2'>0.98074516273095802</nm:col>
<nm:col nm:cname='ETA3'>0.99139268440536676</nm:col>
</nm:row>
</nm:etabarpval>
<nm:etashrinksd>
<nm:row nm:rname='SUBPOP1'>
<nm:col nm:cname='ETA1'>2.2384208420478946</nm:col>
<nm:col nm:cname='ETA2'>4.9800852771068165</nm:col>
<nm:col nm:cname='ETA3'>10.339128639377060</nm:col>
</nm:row>
</nm:etashrinksd>
<nm:etashrinkvr>
<nm:row nm:rname='SUBPOP1'>
<nm:col nm:cname='ETA1'>4.4267364054346503</nm:col>
<nm:col nm:cname='ETA2'>9.7121580605410642</nm:col>
<nm:col nm:cname='ETA3'>19.609281468538253</nm:col>
</nm:row>
</nm:etashrinkvr>
<nm:ebvshrinksd>
<nm:row nm:rname='SUBPOP1'>
<nm:col nm:cname='EBV1'>2.2709984466609434</nm:col>
<nm:col nm:cname='EBV2'>5.1299010778321001</nm:col>
<nm:col nm:cname='EBV3'>10.458303687848947</nm:col>
</nm:row>
</nm:ebvshrinksd>
<nm:ebvshrinkvr>
<nm:row nm:rname='SUBPOP1'>
<nm:col nm:cname='EBV1'>4.4904225538745166</nm:col>
<nm:col nm:cname='EBV2'>9.9966433049807701</nm:col>
<nm:col nm:cname='EBV3'>19.822846215425148</nm:col>
</nm:row>
</nm:ebvshrinkvr>
<nm:relativeinf>
<nm:row nm:rname='SUBPOP1'>
<nm:col nm:cname='REL1'>95.474920985116754</nm:col>
<nm:col nm:cname='REL2'>89.306377667776232</nm:col>
<nm:col nm:cname='REL3'>79.537647828759418</nm:col>
</nm:row>
</nm:relativeinf>
<nm:epsshrinksd>
<nm:row nm:rname='SUBPOP1'>
<nm:col nm:cname='EPS1'>10.418448349642862</nm:col>
</nm:row>
</nm:epsshrinksd>
<nm:epsshrinkvr>
<nm:row nm:rname='SUBPOP1'>
<nm:col nm:cname='EPS1'>19.751456039143967</nm:col>
</nm:row>
</nm:epsshrinkvr>
<nm:estimation_elapsed_time>191.56</nm:estimation_elapsed_time>
<nm:covariance_information><![CDATA[
]]></nm:covariance_information>
<nm:covariance_status nm:error='0' nm:numnegeigenvalues='0' nm:mineigenvalue='0.68332102660188732' nm:maxeigenvalue='15445.698203354839' nm:rms='0.0000000000000000'/>
<nm:covariance_elapsed_time>246.99</nm:covariance_elapsed_time>
<nm:final_objective_function_text>FINAL VALUE OF OBJECTIVE FUNCTION</nm:final_objective_function_text>
<nm:final_objective_function>14913.302196402714</nm:final_objective_function>
<nm:theta>
<nm:val nm:name='1'>3.4013386756898272</nm:val>
<nm:val nm:name='2'>6.4153422284982913</nm:val>
<nm:val nm:name='3'>-0.45411246625134433</nm:val>
<nm:val nm:name='4'>-0.21339247341185485</nm:val>
<nm:val nm:name='5'>0.78135010399640903</nm:val>
<nm:val nm:name='6'>7.5089929494244978E-002</nm:val>
<nm:val nm:name='7'>0.34623786652460908</nm:val>
</nm:theta>
<nm:omega>
<nm:row nm:rname='1'>
<nm:col nm:cname='1'>0.27570009504193976</nm:col>
</nm:row>
<nm:row nm:rname='2'>
<nm:col nm:cname='1'>0.0000000000000000</nm:col>
<nm:col nm:cname='2'>0.24191704657150806</nm:col>
</nm:row>
<nm:row nm:rname='3'>
<nm:col nm:cname='1'>0.0000000000000000</nm:col>
<nm:col nm:cname='2'>0.0000000000000000</nm:col>
<nm:col nm:cname='3'>0.10691953686946196</nm:col>
</nm:row>
</nm:omega>
<nm:sigma>
<nm:row nm:rname='1'>
<nm:col nm:cname='1'>1.0000000000000000</nm:col>
</nm:row>
</nm:sigma>
<nm:omegac>
<nm:row nm:rname='1'>
<nm:col nm:cname='1'>0.52507151421681575</nm:col>
</nm:row>
<nm:row nm:rname='2'>
<nm:col nm:cname='1'>0.0000000000000000</nm:col>
<nm:col nm:cname='2'>0.49185063441202154</nm:col>
</nm:row>
<nm:row nm:rname='3'>
<nm:col nm:cname='1'>0.0000000000000000</nm:col>
<nm:col nm:cname='2'>0.0000000000000000</nm:col>
<nm:col nm:cname='3'>0.32698553006128872</nm:col>
</nm:row>
</nm:omegac>
<nm:sigmac>
<nm:row nm:rname='1'>
<nm:col nm:cname='1'>1.0000000000000000</nm:col>
</nm:row>
</nm:sigmac>
<nm:thetase>
<nm:val nm:name='1'>5.4968344309585013E-002</nm:val>
<nm:val nm:name='2'>7.0538921681440880E-002</nm:val>
<nm:val nm:name='3'>8.9761521228441346E-002</nm:val>
<nm:val nm:name='4'>6.4122155450259066E-002</nm:val>
<nm:val nm:name='5'>4.9209712212421763E-002</nm:val>
<nm:val nm:name='6'>1.2097275082926278</nm:val>
<nm:val nm:name='7'>8.1089914734374883E-003</nm:val>
</nm:thetase>
<nm:omegase>
<nm:row nm:rname='1'>
<nm:col nm:cname='1'>4.0984987079907900E-002</nm:col>
</nm:row>
<nm:row nm:rname='2'>
<nm:col nm:cname='1'>0.0000000000000000</nm:col>
<nm:col nm:cname='2'>3.5362389561585918E-002</nm:col>
</nm:row>
<nm:row nm:rname='3'>
<nm:col nm:cname='1'>0.0000000000000000</nm:col>
<nm:col nm:cname='2'>0.0000000000000000</nm:col>
<nm:col nm:cname='3'>2.4043096044601673E-002</nm:col>
</nm:row>
</nm:omegase>
<nm:sigmase>
<nm:row nm:rname='1'>
<nm:col nm:cname='1'>0.0000000000000000</nm:col>
</nm:row>
</nm:sigmase>
<nm:omegacse>
<nm:row nm:rname='1'>
<nm:col nm:cname='1'>3.9028004729070226E-002</nm:col>
</nm:row>
<nm:row nm:rname='2'>
<nm:col nm:cname='1'>10000000000.000000</nm:col>
<nm:col nm:cname='2'>3.5948301260055882E-002</nm:col>
</nm:row>
<nm:row nm:rname='3'>
<nm:col nm:cname='1'>10000000000.000000</nm:col>
<nm:col nm:cname='2'>10000000000.000000</nm:col>
<nm:col nm:cname='3'>3.6764770661403795E-002</nm:col>
</nm:row>
</nm:omegacse>
<nm:sigmacse>
<nm:row nm:rname='1'>
<nm:col nm:cname='1'>10000000000.000000</nm:col>
</nm:row>
</nm:sigmacse>
<nm:covariance>
<nm:row nm:rname='THETA1'>
<nm:col nm:cname='THETA1'>3.0215188761370873E-003</nm:col>
</nm:row>
<nm:row nm:rname='THETA2'>
<nm:col nm:cname='THETA1'>4.2359491327964159E-005</nm:col>
<nm:col nm:cname='THETA2'>4.9757394719804502E-003</nm:col>
</nm:row>
<nm:row nm:rname='THETA3'>
<nm:col nm:cname='THETA1'>3.4244117821497854E-006</nm:col>
<nm:col nm:cname='THETA2'>4.1466945921842368E-003</nm:col>
<nm:col nm:cname='THETA3'>8.0571306932439267E-003</nm:col>
</nm:row>
<nm:row nm:rname='THETA4'>
<nm:col nm:cname='THETA1'>-3.8229353107714852E-007</nm:col>
<nm:col nm:cname='THETA2'>2.6126878038408032E-004</nm:col>
<nm:col nm:cname='THETA3'>5.2831829086292116E-004</nm:col>
<nm:col nm:cname='THETA4'>4.1116508195871877E-003</nm:col>
</nm:row>
<nm:row nm:rname='THETA5'>
<nm:col nm:cname='THETA1'>4.0172569923230158E-005</nm:col>
<nm:col nm:cname='THETA2'>3.0624110063515327E-004</nm:col>
<nm:col nm:cname='THETA3'>2.6029807493407582E-004</nm:col>
<nm:col nm:cname='THETA4'>2.0445453837088399E-003</nm:col>
<nm:col nm:cname='THETA5'>2.4215957760293713E-003</nm:col>
</nm:row>
<nm:row nm:rname='THETA6'>
<nm:col nm:cname='THETA1'>-1.6142388206973257E-005</nm:col>
<nm:col nm:cname='THETA2'>-3.5341469455061156E-007</nm:col>
<nm:col nm:cname='THETA3'>-9.2158184217999492E-005</nm:col>
<nm:col nm:cname='THETA4'>-2.6256174285333274E-004</nm:col>
<nm:col nm:cname='THETA5'>-3.7188605217317805E-006</nm:col>
<nm:col nm:cname='THETA6'>1.4634406443198897</nm:col>
</nm:row>
<nm:row nm:rname='THETA7'>
<nm:col nm:cname='THETA1'>2.9457557061911650E-005</nm:col>
<nm:col nm:cname='THETA2'>3.4394088905303309E-005</nm:col>
<nm:col nm:cname='THETA3'>-1.2372614929481696E-006</nm:col>
<nm:col nm:cname='THETA4'>-1.0157737174175359E-006</nm:col>
<nm:col nm:cname='THETA5'>7.4731104874010592E-006</nm:col>
<nm:col nm:cname='THETA6'>-6.9531921636472484E-005</nm:col>
<nm:col nm:cname='THETA7'>6.5755742716281892E-005</nm:col>
</nm:row>
<nm:row nm:rname='OMEGA(1,1)'>
<nm:col nm:cname='THETA1'>-5.8941317549051307E-006</nm:col>
<nm:col nm:cname='THETA2'>1.1009534343198522E-005</nm:col>
<nm:col nm:cname='THETA3'>-1.0086524600952224E-005</nm:col>
<nm:col nm:cname='THETA4'>-2.0866140412028328E-005</nm:col>
<nm:col nm:cname='THETA5'>-4.5474604104719670E-006</nm:col>
<nm:col nm:cname='THETA6'>-8.0225766651472447E-005</nm:col>
<nm:col nm:cname='THETA7'>-7.6286890858329413E-006</nm:col>
<nm:col nm:cname='OMEGA(1,1)'>1.6797691659402177E-003</nm:col>
</nm:row>
<nm:row nm:rname='OMEGA(1,2)'>
<nm:col nm:cname='THETA1'>0.0000000000000000</nm:col>
<nm:col nm:cname='THETA2'>0.0000000000000000</nm:col>
<nm:col nm:cname='THETA3'>0.0000000000000000</nm:col>
<nm:col nm:cname='THETA4'>0.0000000000000000</nm:col>
<nm:col nm:cname='THETA5'>0.0000000000000000</nm:col>
<nm:col nm:cname='THETA6'>0.0000000000000000</nm:col>
<nm:col nm:cname='THETA7'>0.0000000000000000</nm:col>
<nm:col nm:cname='OMEGA(1,1)'>0.0000000000000000</nm:col>
<nm:col nm:cname='OMEGA(1,2)'>0.0000000000000000</nm:col>
</nm:row>
<nm:row nm:rname='OMEGA(1,3)'>
<nm:col nm:cname='THETA1'>0.0000000000000000</nm:col>
<nm:col nm:cname='THETA2'>0.0000000000000000</nm:col>
<nm:col nm:cname='THETA3'>0.0000000000000000</nm:col>
<nm:col nm:cname='THETA4'>0.0000000000000000</nm:col>
<nm:col nm:cname='THETA5'>0.0000000000000000</nm:col>
<nm:col nm:cname='THETA6'>0.0000000000000000</nm:col>
<nm:col nm:cname='THETA7'>0.0000000000000000</nm:col>
<nm:col nm:cname='OMEGA(1,1)'>0.0000000000000000</nm:col>
<nm:col nm:cname='OMEGA(1,2)'>0.0000000000000000</nm:col>
<nm:col nm:cname='OMEGA(1,3)'>0.0000000000000000</nm:col>
</nm:row>
<nm:row nm:rname='OMEGA(2,2)'>
<nm:col nm:cname='THETA1'>-1.8334811731154770E-005</nm:col>
<nm:col nm:cname='THETA2'>2.3257261392756128E-005</nm:col>
<nm:col nm:cname='THETA3'>4.4878547826436046E-007</nm:col>
<nm:col nm:cname='THETA4'>1.7038278953124131E-005</nm:col>
<nm:col nm:cname='THETA5'>1.1069738922269433E-005</nm:col>
<nm:col nm:cname='THETA6'>1.6303980779437129E-004</nm:col>
<nm:col nm:cname='THETA7'>-5.6076961372226760E-006</nm:col>
<nm:col nm:cname='OMEGA(1,1)'>-4.0099643635735987E-005</nm:col>
<nm:col nm:cname='OMEGA(1,2)'>0.0000000000000000</nm:col>
<nm:col nm:cname='OMEGA(1,3)'>0.0000000000000000</nm:col>
<nm:col nm:cname='OMEGA(2,2)'>1.2504985955053606E-003</nm:col>
</nm:row>
<nm:row nm:rname='OMEGA(2,3)'>
<nm:col nm:cname='THETA1'>0.0000000000000000</nm:col>
<nm:col nm:cname='THETA2'>0.0000000000000000</nm:col>
<nm:col nm:cname='THETA3'>0.0000000000000000</nm:col>
<nm:col nm:cname='THETA4'>0.0000000000000000</nm:col>
<nm:col nm:cname='THETA5'>0.0000000000000000</nm:col>
<nm:col nm:cname='THETA6'>0.0000000000000000</nm:col>
<nm:col nm:cname='THETA7'>0.0000000000000000</nm:col>
<nm:col nm:cname='OMEGA(1,1)'>0.0000000000000000</nm:col>
<nm:col nm:cname='OMEGA(1,2)'>0.0000000000000000</nm:col>
<nm:col nm:cname='OMEGA(1,3)'>0.0000000000000000</nm:col>
<nm:col nm:cname='OMEGA(2,2)'>0.0000000000000000</nm:col>
<nm:col nm:cname='OMEGA(2,3)'>0.0000000000000000</nm:col>
</nm:row>
<nm:row nm:rname='OMEGA(3,3)'>
<nm:col nm:cname='THETA1'>7.2861046482352231E-006</nm:col>
<nm:col nm:cname='THETA2'>-2.5928706176211162E-005</nm:col>
<nm:col nm:cname='THETA3'>-3.6796680443002556E-006</nm:col>
<nm:col nm:cname='THETA4'>-2.7000519255246384E-005</nm:col>
<nm:col nm:cname='THETA5'>2.8908468797258461E-005</nm:col>
<nm:col nm:cname='THETA6'>-6.2502693901893627E-004</nm:col>
<nm:col nm:cname='THETA7'>-8.0990892188726851E-006</nm:col>
<nm:col nm:cname='OMEGA(1,1)'>-8.5084851104343090E-005</nm:col>
<nm:col nm:cname='OMEGA(1,2)'>0.0000000000000000</nm:col>
<nm:col nm:cname='OMEGA(1,3)'>0.0000000000000000</nm:col>
<nm:col nm:cname='OMEGA(2,2)'>-2.0178099323848973E-004</nm:col>
<nm:col nm:cname='OMEGA(2,3)'>0.0000000000000000</nm:col>
<nm:col nm:cname='OMEGA(3,3)'>5.7807046740994059E-004</nm:col>
</nm:row>
<nm:row nm:rname='SIGMA(1,1)'>
<nm:col nm:cname='THETA1'>0.0000000000000000</nm:col>
<nm:col nm:cname='THETA2'>0.0000000000000000</nm:col>
<nm:col nm:cname='THETA3'>0.0000000000000000</nm:col>
<nm:col nm:cname='THETA4'>0.0000000000000000</nm:col>
<nm:col nm:cname='THETA5'>0.0000000000000000</nm:col>
<nm:col nm:cname='THETA6'>0.0000000000000000</nm:col>
<nm:col nm:cname='THETA7'>0.0000000000000000</nm:col>
<nm:col nm:cname='OMEGA(1,1)'>0.0000000000000000</nm:col>
<nm:col nm:cname='OMEGA(1,2)'>0.0000000000000000</nm:col>
<nm:col nm:cname='OMEGA(1,3)'>0.0000000000000000</nm:col>
<nm:col nm:cname='OMEGA(2,2)'>0.0000000000000000</nm:col>
<nm:col nm:cname='OMEGA(2,3)'>0.0000000000000000</nm:col>
<nm:col nm:cname='OMEGA(3,3)'>0.0000000000000000</nm:col>
<nm:col nm:cname='SIGMA(1,1)'>0.0000000000000000</nm:col>
</nm:row>
</nm:covariance>
<nm:correlation>
<nm:row nm:rname='THETA1'>
<nm:col nm:cname='THETA1'>5.4968344309585013E-002</nm:col>
</nm:row>
<nm:row nm:rname='THETA2'>
<nm:col nm:cname='THETA1'>1.0924693566324051E-002</nm:col>
<nm:col nm:cname='THETA2'>7.0538921681440880E-002</nm:col>
</nm:row>
<nm:row nm:rname='THETA3'>
<nm:col nm:cname='THETA1'>6.9403779702805770E-004</nm:col>
<nm:col nm:cname='THETA2'>0.65491212321595771</nm:col>
<nm:col nm:cname='THETA3'>8.9761521228441346E-002</nm:col>
</nm:row>
<nm:row nm:rname='THETA4'>
<nm:col nm:cname='THETA1'>-1.0846164345037765E-004</nm:col>
<nm:col nm:cname='THETA2'>5.7763112805393126E-002</nm:col>
<nm:col nm:cname='THETA3'>9.1790414250711772E-002</nm:col>
<nm:col nm:cname='THETA4'>6.4122155450259066E-002</nm:col>
</nm:row>
<nm:row nm:rname='THETA5'>
<nm:col nm:cname='THETA1'>1.4851356876845476E-002</nm:col>
<nm:col nm:cname='THETA2'>8.8223409047005735E-002</nm:col>
<nm:col nm:cname='THETA3'>5.8929116084193461E-002</nm:col>
<nm:col nm:cname='THETA4'>0.64794451437730116</nm:col>
<nm:col nm:cname='THETA5'>4.9209712212421763E-002</nm:col>
</nm:row>
<nm:row nm:rname='THETA6'>
<nm:col nm:cname='THETA1'>-2.4275465985022524E-004</nm:col>
<nm:col nm:cname='THETA2'>-4.1416007470046042E-006</nm:col>
<nm:col nm:cname='THETA3'>-8.4870380423171152E-004</nm:col>
<nm:col nm:cname='THETA4'>-3.3848215520175346E-003</nm:col>
<nm:col nm:cname='THETA5'>-6.2470000392233490E-005</nm:col>
<nm:col nm:cname='THETA6'>1.2097275082926278</nm:col>
</nm:row>
<nm:row nm:rname='THETA7'>
<nm:col nm:cname='THETA1'>6.6087181136570305E-002</nm:col>
<nm:col nm:cname='THETA2'>6.0129577098953509E-002</nm:col>
<nm:col nm:cname='THETA3'>-1.6998259255180277E-003</nm:col>
<nm:col nm:cname='THETA4'>-1.9535386820615664E-003</nm:col>
<nm:col nm:cname='THETA5'>1.8727669403805124E-002</nm:col>
<nm:col nm:cname='THETA6'>-7.0880999343076760E-003</nm:col>
<nm:col nm:cname='THETA7'>8.1089914734374883E-003</nm:col>
</nm:row>
<nm:row nm:rname='OMEGA(1,1)'>
<nm:col nm:cname='THETA1'>-2.6162689154231775E-003</nm:col>
<nm:col nm:cname='THETA2'>3.8081612683105639E-003</nm:col>
<nm:col nm:cname='THETA3'>-2.7417417505877441E-003</nm:col>
<nm:col nm:cname='THETA4'>-7.9397935551398947E-003</nm:col>
<nm:col nm:cname='THETA5'>-2.2547235405248954E-003</nm:col>
<nm:col nm:cname='THETA6'>-1.6180856902962624E-003</nm:col>
<nm:col nm:cname='THETA7'>-2.2953994271107350E-002</nm:col>
<nm:col nm:cname='OMEGA(1,1)'>4.0984987079907900E-002</nm:col>
</nm:row>
<nm:row nm:rname='OMEGA(1,2)'>
<nm:col nm:cname='THETA1'>0.0000000000000000</nm:col>
<nm:col nm:cname='THETA2'>0.0000000000000000</nm:col>
<nm:col nm:cname='THETA3'>0.0000000000000000</nm:col>
<nm:col nm:cname='THETA4'>0.0000000000000000</nm:col>
<nm:col nm:cname='THETA5'>0.0000000000000000</nm:col>
<nm:col nm:cname='THETA6'>0.0000000000000000</nm:col>
<nm:col nm:cname='THETA7'>0.0000000000000000</nm:col>
<nm:col nm:cname='OMEGA(1,1)'>0.0000000000000000</nm:col>
<nm:col nm:cname='OMEGA(1,2)'>0.0000000000000000</nm:col>
</nm:row>
<nm:row nm:rname='OMEGA(1,3)'>
<nm:col nm:cname='THETA1'>0.0000000000000000</nm:col>
<nm:col nm:cname='THETA2'>0.0000000000000000</nm:col>
<nm:col nm:cname='THETA3'>0.0000000000000000</nm:col>
<nm:col nm:cname='THETA4'>0.0000000000000000</nm:col>
<nm:col nm:cname='THETA5'>0.0000000000000000</nm:col>
<nm:col nm:cname='THETA6'>0.0000000000000000</nm:col>
<nm:col nm:cname='THETA7'>0.0000000000000000</nm:col>
<nm:col nm:cname='OMEGA(1,1)'>0.0000000000000000</nm:col>
<nm:col nm:cname='OMEGA(1,2)'>0.0000000000000000</nm:col>
<nm:col nm:cname='OMEGA(1,3)'>0.0000000000000000</nm:col>
</nm:row>
<nm:row nm:rname='OMEGA(2,2)'>
<nm:col nm:cname='THETA1'>-9.4323996784159321E-003</nm:col>
<nm:col nm:cname='THETA2'>9.3236970439007257E-003</nm:col>
<nm:col nm:cname='THETA3'>1.4138618864449907E-004</nm:col>
<nm:col nm:cname='THETA4'>7.5140833388745764E-003</nm:col>
<nm:col nm:cname='THETA5'>6.3612863988741671E-003</nm:col>
<nm:col nm:cname='THETA6'>3.8112241719800862E-003</nm:col>
<nm:col nm:cname='THETA7'>-1.9555819707648421E-002</nm:col>
<nm:col nm:cname='OMEGA(1,1)'>-2.7667766792301058E-002</nm:col>
<nm:col nm:cname='OMEGA(1,2)'>0.0000000000000000</nm:col>
<nm:col nm:cname='OMEGA(1,3)'>0.0000000000000000</nm:col>
<nm:col nm:cname='OMEGA(2,2)'>3.5362389561585918E-002</nm:col>
</nm:row>
<nm:row nm:rname='OMEGA(2,3)'>
<nm:col nm:cname='THETA1'>0.0000000000000000</nm:col>
<nm:col nm:cname='THETA2'>0.0000000000000000</nm:col>
<nm:col nm:cname='THETA3'>0.0000000000000000</nm:col>
<nm:col nm:cname='THETA4'>0.0000000000000000</nm:col>
<nm:col nm:cname='THETA5'>0.0000000000000000</nm:col>
<nm:col nm:cname='THETA6'>0.0000000000000000</nm:col>
<nm:col nm:cname='THETA7'>0.0000000000000000</nm:col>
<nm:col nm:cname='OMEGA(1,1)'>0.0000000000000000</nm:col>
<nm:col nm:cname='OMEGA(1,2)'>0.0000000000000000</nm:col>
<nm:col nm:cname='OMEGA(1,3)'>0.0000000000000000</nm:col>
<nm:col nm:cname='OMEGA(2,2)'>0.0000000000000000</nm:col>
<nm:col nm:cname='OMEGA(2,3)'>0.0000000000000000</nm:col>
</nm:row>
<nm:row nm:rname='OMEGA(3,3)'>
<nm:col nm:cname='THETA1'>5.5130554095797306E-003</nm:col>
<nm:col nm:cname='THETA2'>-1.5288385979565359E-002</nm:col>
<nm:col nm:cname='THETA3'>-1.7050143784192301E-003</nm:col>
<nm:col nm:cname='THETA4'>-1.7513526843486567E-002</nm:col>
<nm:col nm:cname='THETA5'>2.4433398170203836E-002</nm:col>
<nm:col nm:cname='THETA6'>-2.1489226750126197E-002</nm:col>
<nm:col nm:cname='THETA7'>-4.1541191414199978E-002</nm:col>
<nm:col nm:cname='OMEGA(1,1)'>-8.6344971277393767E-002</nm:col>
<nm:col nm:cname='OMEGA(1,2)'>0.0000000000000000</nm:col>
<nm:col nm:cname='OMEGA(1,3)'>0.0000000000000000</nm:col>
<nm:col nm:cname='OMEGA(2,2)'>-0.23732760688530133</nm:col>
<nm:col nm:cname='OMEGA(2,3)'>0.0000000000000000</nm:col>
<nm:col nm:cname='OMEGA(3,3)'>2.4043096044601673E-002</nm:col>
</nm:row>
<nm:row nm:rname='SIGMA(1,1)'>
<nm:col nm:cname='THETA1'>0.0000000000000000</nm:col>
<nm:col nm:cname='THETA2'>0.0000000000000000</nm:col>
<nm:col nm:cname='THETA3'>0.0000000000000000</nm:col>
<nm:col nm:cname='THETA4'>0.0000000000000000</nm:col>
<nm:col nm:cname='THETA5'>0.0000000000000000</nm:col>
<nm:col nm:cname='THETA6'>0.0000000000000000</nm:col>
<nm:col nm:cname='THETA7'>0.0000000000000000</nm:col>
<nm:col nm:cname='OMEGA(1,1)'>0.0000000000000000</nm:col>
<nm:col nm:cname='OMEGA(1,2)'>0.0000000000000000</nm:col>
<nm:col nm:cname='OMEGA(1,3)'>0.0000000000000000</nm:col>
<nm:col nm:cname='OMEGA(2,2)'>0.0000000000000000</nm:col>
<nm:col nm:cname='OMEGA(2,3)'>0.0000000000000000</nm:col>
<nm:col nm:cname='OMEGA(3,3)'>0.0000000000000000</nm:col>
<nm:col nm:cname='SIGMA(1,1)'>0.0000000000000000</nm:col>
</nm:row>
</nm:correlation>
<nm:invcovariance>
<nm:row nm:rname='THETA1'>
<nm:col nm:cname='THETA1'>332.56859898494145</nm:col>
</nm:row>
<nm:row nm:rname='THETA2'>
<nm:col nm:cname='THETA1'>-2.4924807116848271</nm:col>
<nm:col nm:cname='THETA2'>357.16053768243569</nm:col>
</nm:row>
<nm:row nm:rname='THETA3'>
<nm:col nm:cname='THETA1'>1.1167826362444653</nm:col>
<nm:col nm:cname='THETA2'>-183.91973633023758</nm:col>
<nm:col nm:cname='THETA3'>219.87877141853951</nm:col>
</nm:row>
<nm:row nm:rname='THETA4'>
<nm:col nm:cname='THETA1'>4.0844305275801140</nm:col>
<nm:col nm:cname='THETA2'>23.061075699538701</nm:col>
<nm:col nm:cname='THETA3'>-28.051827122592481</nm:col>
<nm:col nm:cname='THETA4'>423.92768308558038</nm:col>
</nm:row>
<nm:row nm:rname='THETA5'>
<nm:col nm:cname='THETA1'>-8.2797118957201814</nm:col>
<nm:col nm:cname='THETA2'>-44.402186319168493</nm:col>
<nm:col nm:cname='THETA3'>23.061075702697877</nm:col>
<nm:col nm:cname='THETA4'>-358.51327145849018</nm:col>
<nm:col nm:cname='THETA5'>719.88777591576286</nm:col>
</nm:row>
<nm:row nm:rname='THETA6'>
<nm:col nm:cname='THETA1'>-4.8021233787427717E-003</nm:col>
<nm:col nm:cname='THETA2'>-1.0151961792314496E-002</nm:col>
<nm:col nm:cname='THETA3'>1.0422265761440241E-002</nm:col>
<nm:col nm:cname='THETA4'>9.2933406468134083E-002</nm:col>
<nm:col nm:cname='THETA5'>-8.9240588286992231E-002</nm:col>
<nm:col nm:cname='THETA6'>0.68371403748164250</nm:col>
</nm:row>
<nm:row nm:rname='THETA7'>
<nm:col nm:cname='THETA1'>-146.85650782044934</nm:col>
<nm:col nm:cname='THETA2'>-183.01058437787924</nm:col>
<nm:col nm:cname='THETA3'>96.521398363391825</nm:col>
<nm:col nm:cname='THETA4'>39.180928195807233</nm:col>
<nm:col nm:cname='THETA5'>-69.101153977666954</nm:col>
<nm:col nm:cname='THETA6'>0.85191143878889741</nm:col>
<nm:col nm:cname='THETA7'>15433.999365473488</nm:col>
</nm:row>
<nm:row nm:rname='OMEGA(1,1)'>
<nm:col nm:cname='THETA1'>0.41139205003105372</nm:col>
<nm:col nm:cname='THETA2'>-3.5774544616417288</nm:col>
<nm:col nm:cname='THETA3'>2.4212253325836985</nm:col>
<nm:col nm:cname='THETA4'>6.3757524314442158</nm:col>
<nm:col nm:cname='THETA5'>-5.7355940896904336</nm:col>
<nm:col nm:cname='THETA6'>7.8429332881252062E-002</nm:col>
<nm:col nm:cname='THETA7'>88.187943279644401</nm:col>
<nm:col nm:cname='OMEGA(1,1)'>601.91405703066016</nm:col>
</nm:row>
<nm:row nm:rname='OMEGA(1,2)'>
<nm:col nm:cname='THETA1'>0.0000000000000000</nm:col>
<nm:col nm:cname='THETA2'>0.0000000000000000</nm:col>
<nm:col nm:cname='THETA3'>0.0000000000000000</nm:col>
<nm:col nm:cname='THETA4'>0.0000000000000000</nm:col>
<nm:col nm:cname='THETA5'>0.0000000000000000</nm:col>
<nm:col nm:cname='THETA6'>0.0000000000000000</nm:col>
<nm:col nm:cname='THETA7'>0.0000000000000000</nm:col>
<nm:col nm:cname='OMEGA(1,1)'>0.0000000000000000</nm:col>
<nm:col nm:cname='OMEGA(1,2)'>0.0000000000000000</nm:col>
</nm:row>
<nm:row nm:rname='OMEGA(1,3)'>
<nm:col nm:cname='THETA1'>0.0000000000000000</nm:col>
<nm:col nm:cname='THETA2'>0.0000000000000000</nm:col>
<nm:col nm:cname='THETA3'>0.0000000000000000</nm:col>
<nm:col nm:cname='THETA4'>0.0000000000000000</nm:col>
<nm:col nm:cname='THETA5'>0.0000000000000000</nm:col>
<nm:col nm:cname='THETA6'>0.0000000000000000</nm:col>
<nm:col nm:cname='THETA7'>0.0000000000000000</nm:col>
<nm:col nm:cname='OMEGA(1,1)'>0.0000000000000000</nm:col>
<nm:col nm:cname='OMEGA(1,2)'>0.0000000000000000</nm:col>
<nm:col nm:cname='OMEGA(1,3)'>0.0000000000000000</nm:col>
</nm:row>
<nm:row nm:rname='OMEGA(2,2)'>
<nm:col nm:cname='THETA1'>3.5777401566033662</nm:col>
<nm:col nm:cname='THETA2'>-5.3361494948929806</nm:col>
<nm:col nm:cname='THETA3'>2.9858915974911024</nm:col>
<nm:col nm:cname='THETA4'>4.1123353247413110</nm:col>
<nm:col nm:cname='THETA5'>-10.992991823064077</nm:col>
<nm:col nm:cname='THETA6'>4.3736819481030718E-002</nm:col>
<nm:col nm:cname='THETA7'>116.86639837708231</nm:col>
<nm:col nm:cname='OMEGA(1,1)'>36.348445901814806</nm:col>
<nm:col nm:cname='OMEGA(1,2)'>0.0000000000000000</nm:col>
<nm:col nm:cname='OMEGA(1,3)'>0.0000000000000000</nm:col>
<nm:col nm:cname='OMEGA(2,2)'>850.68308941771454</nm:col>
</nm:row>
<nm:row nm:rname='OMEGA(2,3)'>
<nm:col nm:cname='THETA1'>0.0000000000000000</nm:col>
<nm:col nm:cname='THETA2'>0.0000000000000000</nm:col>
<nm:col nm:cname='THETA3'>0.0000000000000000</nm:col>
<nm:col nm:cname='THETA4'>0.0000000000000000</nm:col>
<nm:col nm:cname='THETA5'>0.0000000000000000</nm:col>
<nm:col nm:cname='THETA6'>0.0000000000000000</nm:col>
<nm:col nm:cname='THETA7'>0.0000000000000000</nm:col>
<nm:col nm:cname='OMEGA(1,1)'>0.0000000000000000</nm:col>
<nm:col nm:cname='OMEGA(1,2)'>0.0000000000000000</nm:col>
<nm:col nm:cname='OMEGA(1,3)'>0.0000000000000000</nm:col>
<nm:col nm:cname='OMEGA(2,2)'>0.0000000000000000</nm:col>
<nm:col nm:cname='OMEGA(2,3)'>0.0000000000000000</nm:col>
</nm:row>
<nm:row nm:rname='OMEGA(3,3)'>
<nm:col nm:cname='THETA1'>-4.4449489367528940</nm:col>
<nm:col nm:cname='THETA2'>13.214103088070544</nm:col>
<nm:col nm:cname='THETA3'>-6.5652477102690776</nm:col>
<nm:col nm:cname='THETA4'>41.557194615776794</nm:col>
<nm:col nm:cname='THETA5'>-60.232497961662638</nm:col>
<nm:col nm:cname='THETA6'>0.78647328030421604</nm:col>
<nm:col nm:cname='THETA7'>270.47592832078999</nm:col>
<nm:col nm:cname='OMEGA(1,1)'>103.03685834985329</nm:col>
<nm:col nm:cname='OMEGA(1,2)'>0.0000000000000000</nm:col>
<nm:col nm:cname='OMEGA(1,3)'>0.0000000000000000</nm:col>
<nm:col nm:cname='OMEGA(2,2)'>304.45010499496505</nm:col>
<nm:col nm:cname='OMEGA(2,3)'>0.0000000000000000</nm:col>
<nm:col nm:cname='OMEGA(3,3)'>1861.5298736164814</nm:col>
</nm:row>
<nm:row nm:rname='SIGMA(1,1)'>
<nm:col nm:cname='THETA1'>0.0000000000000000</nm:col>
<nm:col nm:cname='THETA2'>0.0000000000000000</nm:col>
<nm:col nm:cname='THETA3'>0.0000000000000000</nm:col>
<nm:col nm:cname='THETA4'>0.0000000000000000</nm:col>
<nm:col nm:cname='THETA5'>0.0000000000000000</nm:col>
<nm:col nm:cname='THETA6'>0.0000000000000000</nm:col>
<nm:col nm:cname='THETA7'>0.0000000000000000</nm:col>
<nm:col nm:cname='OMEGA(1,1)'>0.0000000000000000</nm:col>
<nm:col nm:cname='OMEGA(1,2)'>0.0000000000000000</nm:col>
<nm:col nm:cname='OMEGA(1,3)'>0.0000000000000000</nm:col>
<nm:col nm:cname='OMEGA(2,2)'>0.0000000000000000</nm:col>
<nm:col nm:cname='OMEGA(2,3)'>0.0000000000000000</nm:col>
<nm:col nm:cname='OMEGA(3,3)'>0.0000000000000000</nm:col>
<nm:col nm:cname='SIGMA(1,1)'>0.0000000000000000</nm:col>
</nm:row>
</nm:invcovariance>
<nm:eigenvalues>
<nm:val nm:name='1'>0.31495289951989508</nm:val>
<nm:val nm:name='2'>0.37667181052538290</nm:val>
<nm:val nm:name='3'>0.72943113580325558</nm:val>
<nm:val nm:name='4'>0.93717800929467288</nm:val>
<nm:val nm:name='5'>0.99944418282411385</nm:val>
<nm:val nm:name='6'>1.0172053897587485</nm:val>
<nm:val nm:name='7'>1.0714884474481550</nm:val>
<nm:val nm:name='8'>1.2469990432272917</nm:val>
<nm:val nm:name='9'>1.5043687436333679</nm:val>
<nm:val nm:name='10'>1.8022603379651136</nm:val>
</nm:eigenvalues>
</nm:estimation>
<nm:post_process_times>
<nm:post_elapsed_time>0.00</nm:post_elapsed_time>
<nm:finaloutput_elapsed_time>0.00</nm:finaloutput_elapsed_time>
</nm:post_process_times>
</nm:problem>
</nm:nonmem>
<nm:stop_datetime>2024-01-23T22:22:38.269</nm:stop_datetime>
<nm:total_cputime>571.186</nm:total_cputime>
</nm:output>
