index,name,fix,log,estimated_values,estimated_real,standard_error,relative_error,condition_number,shrinkage,penalty_score_condition_number,penalty_score_estimated_values,penalty_score_relative_error,penalty_score_shrinkage
THETA1,CL,False,True,3.40134,30.00427885524969,0.0549683,0.05500984802119307,5.72232,,0.0,,0.0,
THETA2,V2,False,True,6.41534,611.148515993149,0.0705389,0.07062673676951317,,,,,0.0,
THETA3,cov_V2,False,False,-0.454112,-0.454112,0.0897615,0.19766379219223448,,,,,9.766379219223449,
THETA4,cov_KA,False,False,-0.213392,-0.213392,0.0641222,0.30049017770113223,,,,,20.08714270242351,
THETA5,KA,False,True,0.78135,2.1844192418180675,0.0492097,0.049239506520860385,,,,,0.0,
THETA6,add_error,False,False,0.0750899,0.0750899,1.20973,16.110422307127855,,,,,100000.0,
THETA7,prop_error,False,False,0.346238,0.346238,0.00810899,0.023420277381454375,,,,,0.0,
"OMEGA(1,1)",CL,False,True,0.2757,56.34292936698616,0.040985,0.07432898077620602,,2.23842,,0.0,0.0,
"OMEGA(2,2)",V2,False,True,0.241917,52.31524369489775,0.0353624,0.07308787724715503,,4.98009,,0.0,0.0,
"OMEGA(3,3)",KA,False,True,0.10692,33.592443093687294,0.0240431,0.11243499812944258,,10.3391,,0.0,0.0,0.0
