index,name,fix,log,estimated_values,estimated_real,standard_error,relative_error,condition_number,shrinkage,penalty_score_condition_number,penalty_score_estimated_values,penalty_score_relative_error,penalty_score_shrinkage
THETA1,CL,False,True,3.24591,25.68507284483784,0.0909571,0.09114555108852147,531314.0,,5266271.399999999,,0.0,
THETA2,V2,False,True,6.16005,473.45174683037146,0.102519,0.10278896315047695,,,,,0.27889631504769424,
THETA3,cov_CL,False,False,-0.589464,-0.589464,0.116172,0.1970807377549774,,,,,9.70807377549774,
THETA4,cov_V2,False,False,-0.38503,-0.38503,0.129707,0.33687504869750406,,,,,26.555564212889614,
THETA5,cov_KA,False,False,999990.0,999990.0,491348.0,0.4913529135291353,,,,,54.01829573851294,
THETA6,KA,True,True,0.0,1.0,0.0,0.0,,,,,0.0,
THETA7,add_error,False,False,1.50112,1.50112,0.000164772,0.00010976604135578767,,,,,0.0,
THETA8,prop_error,True,False,0.0,0.0,0.0,,,,,,,
THETA9,D2,False,True,0.864993,2.3749894609926976,0.0695885,0.0696728316653781,,,,,0.0,
"OMEGA(1,1)",CL,False,True,0.454261,75.82934927774477,0.0726867,0.08000543740272663,,0.0287656,,0.0,0.0,
"OMEGA(2,2)",V2,False,True,0.558828,86.52293996415298,0.111038,0.09934899468172675,,1e-10,,0.0,0.0,
"OMEGA(3,3)",KA,True,True,0.0,0.0,0.0,,,0.0,,,,
"OMEGA(4,4)",D2,False,True,0.464385,76.87882681005279,0.114794,0.12359787676173864,,0.0338028,,0.0,0.0,0.0
