index,name,fix,log,estimated_values,estimated_real,standard_error,relative_error,condition_number,shrinkage,penalty_score_condition_number,penalty_score_estimated_values,penalty_score_relative_error,penalty_score_shrinkage
THETA1,CL,False,True,3.22184,25.07421431607073,0.0900133,0.09019593895801431,154489.0,,1460338.9,,0.0,
THETA2,V2,False,True,6.14431,466.05795810137926,0.106894,0.1072000795878093,,,,,0.72000795878093,
THETA3,cov_CL,False,False,-0.5979,-0.5979,0.114937,0.19223448737247031,,,,,9.223448737247033,
THETA4,cov_V2,False,False,-0.396398,-0.396398,0.136487,0.3443180843495679,,,,,27.878770551034293,
THETA5,cov_KA,False,False,-0.165818,-0.165818,0.0830669,0.5009522488511501,,,,,55.72484424020446,
THETA6,KA,False,True,0.71755,2.049406010113108,0.0650153,0.06508406528462718,,,,,0.0,
THETA7,add_error,False,False,1.5015,1.5015,0.000139598,9.297236097236097e-05,,,,,0.0,
THETA8,prop_error,True,False,0.0,0.0,0.0,,,,,,,
"OMEGA(1,1)",CL,False,True,0.443841,74.74507578291146,0.0601748,0.0677886900939751,,0.0238151,,0.0,0.0,
"OMEGA(2,2)",V2,False,True,0.625932,93.27314588445711,0.0785578,0.06275266322859352,,0.147037,,0.0,0.0,
"OMEGA(3,3)",KA,False,True,0.231525,51.04124206998514,0.0335827,0.0725249973005075,,1e-10,,0.0,0.0,0.0
