index,name,fix,log,estimated_values,estimated_real,standard_error,relative_error,condition_number,shrinkage,penalty_score_condition_number,penalty_score_estimated_values,penalty_score_relative_error,penalty_score_shrinkage
THETA1,CL,False,True,3.23909,25.51049662959274,0.0904748,0.09066026578698741,287102.0,,2799730.1999999997,,0.0,
THETA2,V2,False,True,6.35991,578.1943165634785,0.0802228,0.08035204564480777,,,,,0.0,
THETA3,cov_CL,False,False,-0.596041,-0.596041,0.115477,0.1937400279510973,,,,,9.37400279510973,
THETA4,cov_KA,False,False,999990.0,999990.0,481536.0,0.4815408154081541,,,,,52.273922739227395,
THETA5,KA,True,True,0.0,1.0,0.0,0.0,,,,,0.0,
THETA6,add_error,False,False,1.50108,1.50108,0.000166098,0.00011065233032216804,,,,,0.0,
THETA7,prop_error,True,False,0.0,0.0,0.0,,,,,,,
THETA8,D2,False,True,0.862377,2.368784608048944,0.0696971,0.06978182737365696,,,,,0.0,
"OMEGA(1,1)",CL,False,True,0.448347,75.21448709541365,0.0634232,0.07073003722563104,,0.0723734,,0.0,0.0,
"OMEGA(2,2)",V2,False,True,0.609025,91.57717251933695,0.0920652,0.07558408932309839,,0.092772,,0.0,0.0,
"OMEGA(3,3)",KA,True,True,0.0,0.0,0.0,,,0.0,,,,
"OMEGA(4,4)",D2,False,True,0.46563,77.00762779281494,0.0822683,0.08834085003114062,,0.0555873,,0.0,0.0,0.0
